mot; occurrence; frequence
mugissements; 1; 0.0
efforcent; 2; 0.0001
ont; 25; 0.0012
rendrez; 1; 0.0
invités; 2; 0.0001
grêles; 2; 0.0001
quatre; 12; 0.0006
boutonnière; 1; 0.0
dépenses; 1; 0.0
revenez; 1; 0.0
manqua; 1; 0.0
attache; 1; 0.0
veuille; 2; 0.0001
estime; 1; 0.0
malsains; 1; 0.0
vis-à-vis; 1; 0.0
planches; 1; 0.0
comprenant; 2; 0.0001
foyer; 7; 0.0003
plan; 1; 0.0
disputaient; 2; 0.0001
effaré; 1; 0.0
verger; 2; 0.0001
remercié; 1; 0.0
enlevée; 1; 0.0
arrogé; 1; 0.0
piaffait; 1; 0.0
plaignît; 1; 0.0
homme; 61; 0.0029
choisi; 1; 0.0
tesson; 1; 0.0
rapiécés; 1; 0.0
coursier; 1; 0.0
confier; 1; 0.0
épreuve; 1; 0.0
confesser; 1; 0.0
formule; 1; 0.0
lichens; 1; 0.0
xiila; 1; 0.0
cantonnés; 1; 0.0
comparaître; 1; 0.0
fertile; 1; 0.0
gîte; 1; 0.0
réchauffer; 3; 0.0001
broyer; 3; 0.0001
disputerai; 1; 0.0
ramener; 2; 0.0001
xviila; 1; 0.0
farce; 1; 0.0
principaux; 1; 0.0
naïfs; 1; 0.0
agir; 1; 0.0
cieux; 1; 0.0
musical; 1; 0.0
enjoués; 1; 0.0
parrain; 1; 0.0
payée; 1; 0.0
balayaient; 1; 0.0
gris; 1; 0.0
parfaite; 2; 0.0001
glacé; 1; 0.0
pot; 1; 0.0
héroïque; 1; 0.0
prives; 1; 0.0
tes; 11; 0.0005
a; 160; 0.0076
tournure; 1; 0.0
difficile; 4; 0.0002
voisin; 2; 0.0001
fondrières; 1; 0.0
semblaient; 2; 0.0001
joug; 2; 0.0001
saint-martin; 1; 0.0
plumée; 1; 0.0
sortie; 1; 0.0
deux; 52; 0.0025
mot; 11; 0.0005
avais; 16; 0.0008
éteindre; 1; 0.0
chaussées; 1; 0.0
atténuer; 1; 0.0
bacchanale; 1; 0.0
pieds; 18; 0.0009
frères; 2; 0.0001
fièrement; 1; 0.0
débattant; 1; 0.0
inspirations; 1; 0.0
civilisé; 1; 0.0
entrât; 1; 0.0
essayez; 1; 0.0
embarrassés; 1; 0.0
allez; 12; 0.0006
ménétriers; 1; 0.0
convenait; 1; 0.0
accomplies; 1; 0.0
voyant; 15; 0.0007
retournant; 1; 0.0
facilement; 1; 0.0
perd; 1; 0.0
parviendrais; 1; 0.0
art; 6; 0.0003
puissiez; 1; 0.0
recherchez; 1; 0.0
contribué; 1; 0.0
vieux; 38; 0.0018
affectant; 1; 0.0
réplique; 1; 0.0
recommencions; 1; 0.0
détache; 1; 0.0
galant; 2; 0.0001
numéro; 1; 0.0
trot; 3; 0.0001
instinct; 3; 0.0001
convie; 1; 0.0
âme; 12; 0.0006
nouvelles; 1; 0.0
venez; 4; 0.0002
progéniture; 1; 0.0
conviens; 1; 0.0
échangés; 1; 0.0
lie; 1; 0.0
brocs; 1; 0.0
reconnaissance; 1; 0.0
plaisants; 1; 0.0
siéraient; 1; 0.0
dignes; 1; 0.0
reflétait; 1; 0.0
attraperons; 1; 0.0
enveloppant; 1; 0.0
inspirait; 1; 0.0
cabri; 1; 0.0
payer; 4; 0.0002
rêver; 2; 0.0001
main; 16; 0.0008
fauve; 1; 0.0
soufflet; 1; 0.0
repos; 4; 0.0002
couper; 2; 0.0001
brises; 1; 0.0
fête; 3; 0.0001
agira; 1; 0.0
jouée; 2; 0.0001
fil; 1; 0.0
divaguer; 1; 0.0
jugeait; 1; 0.0
parurent; 1; 0.0
compostelle; 1; 0.0
écart; 1; 0.0
contenterons; 1; 0.0
trouverait; 2; 0.0001
paysage; 2; 0.0001
règlent; 1; 0.0
goya; 1; 0.0
enlèvent; 2; 0.0001
maniérées; 1; 0.0
retrouve; 1; 0.0
disant; 13; 0.0006
demander; 15; 0.0007
feignant; 3; 0.0001
lames; 1; 0.0
lier; 1; 0.0
pinte; 1; 0.0
projet; 1; 0.0
prétendre; 1; 0.0
couru; 2; 0.0001
laissons; 1; 0.0
heurter; 1; 0.0
traversait; 1; 0.0
rallumé; 1; 0.0
chemin; 18; 0.0009
violon; 1; 0.0
vorace; 1; 0.0
traversions; 1; 0.0
tiendrai; 1; 0.0
ouvrez; 8; 0.0004
oncle; 1; 0.0
indifférence; 1; 0.0
areau; 3; 0.0001
pas; 507; 0.024
établirait; 1; 0.0
incivil; 1; 0.0
dehors; 4; 0.0002
attendra; 1; 0.0
mouvement; 7; 0.0003
avez; 53; 0.0025
dormait; 4; 0.0002
mérite; 3; 0.0001
campagnes; 7; 0.0003
effets; 1; 0.0
riante; 1; 0.0
professions; 2; 0.0001
habituer; 2; 0.0001
éclat; 2; 0.0001
regardait; 8; 0.0004
emporté; 1; 0.0
sylvaine; 1; 0.0
vis; 3; 0.0001
seras; 3; 0.0001
tombe; 8; 0.0004
dépend; 2; 0.0001
solennel; 4; 0.0002
brune; 1; 0.0
guettant; 1; 0.0
irai; 3; 0.0001
grince; 1; 0.0
hâtait; 1; 0.0
trouvent; 1; 0.0
écrie; 1; 0.0
tombant; 1; 0.0
passant; 6; 0.0003
suit; 2; 0.0001
guère; 17; 0.0008
décharge; 1; 0.0
lentement; 1; 0.0
défendrez; 1; 0.0
huit; 5; 0.0002
canons; 1; 0.0
rendu; 3; 0.0001
partout; 6; 0.0003
déranger; 2; 0.0001
garderez; 1; 0.0
embrassé; 2; 0.0001
parcourais; 1; 0.0
murs; 2; 0.0001
circonstance; 3; 0.0001
cause; 7; 0.0003
ouverture; 1; 0.0
davantage; 7; 0.0003
avalé; 2; 0.0001
regret; 2; 0.0001
obstinément; 1; 0.0
métayers; 1; 0.0
barbier; 1; 0.0
comprendre; 5; 0.0002
distinguer; 1; 0.0
attachait; 2; 0.0001
voulut; 4; 0.0002
étrangers; 2; 0.0001
misères; 1; 0.0
embrassée; 1; 0.0
déchirer; 1; 0.0
feux; 1; 0.0
supprimer; 2; 0.0001
impossible; 6; 0.0003
pur; 2; 0.0001
appuyant; 1; 0.0
jamais; 43; 0.002
certainement; 2; 0.0001
jument; 12; 0.0006
gardent; 2; 0.0001
aimeras; 2; 0.0001
perte; 1; 0.0
raconta; 1; 0.0
pelouse; 2; 0.0001
mourrais; 1; 0.0
supercherie; 1; 0.0
désuétude; 1; 0.0
semailles; 1; 0.0
baissez; 1; 0.0
fond; 1; 0.0
pressait; 3; 0.0001
docile; 1; 0.0
gentiment; 1; 0.0
brillait; 1; 0.0
involontairement; 1; 0.0
véritablement; 1; 0.0
païen; 11; 0.0005
anxiété; 1; 0.0
déchires; 1; 0.0
réchauffant; 1; 0.0
câlin; 1; 0.0
décident; 1; 0.0
meurt; 1; 0.0
capituler; 1; 0.0
dirige; 1; 0.0
court; 7; 0.0003
gerbaude; 1; 0.0
marquée; 1; 0.0
chrétiennes; 1; 0.0
désordres; 1; 0.0
déclara; 1; 0.0
brode; 1; 0.0
avions; 4; 0.0002
détruisent; 1; 0.0
pastour; 2; 0.0001
malheurs; 1; 0.0
être; 63; 0.003
laboureur; 40; 0.0019
petit; 57; 0.0027
laisser; 13; 0.0006
change; 1; 0.0
crie; 1; 0.0
supérieurs; 1; 0.0
sort; 10; 0.0005
prouve; 2; 0.0001
foires; 1; 0.0
lever; 2; 0.0001
prochain; 4; 0.0002
lueurs; 1; 0.0
gouttes; 1; 0.0
nouvelle; 8; 0.0004
da; 3; 0.0001
bal; 1; 0.0
effrayée; 2; 0.0001
rapidité; 1; 0.0
sait; 15; 0.0007
révolution; 2; 0.0001
silencieux; 1; 0.0
subi; 1; 0.0
forces; 3; 0.0001
respectons; 1; 0.0
révélation; 1; 0.0
pleurant; 1; 0.0
idée; 26; 0.0012
ravir; 1; 0.0
soldat; 1; 0.0
passerons; 1; 0.0
repose; 1; 0.0
agrestes; 1; 0.0
attaque; 3; 0.0001
porteras; 1; 0.0
ciseau; 1; 0.0
retourner; 4; 0.0002
moquerai; 1; 0.0
pire; 1; 0.0
mèches; 1; 0.0
ému; 1; 0.0
surchargent; 1; 0.0
fourneaux; 1; 0.0
montre; 3; 0.0001
hennissait; 1; 0.0
pût; 2; 0.0001
broyant; 1; 0.0
parcourir; 1; 0.0
marier; 5; 0.0002
jaune; 1; 0.0
restons; 1; 0.0
extraordinaires; 1; 0.0
expliquer; 3; 0.0001
répondait; 3; 0.0001
raideur; 1; 0.0
seule; 10; 0.0005
abondance; 1; 0.0
ramassait; 2; 0.0001
prunelles; 1; 0.0
récolte; 1; 0.0
antipode; 1; 0.0
saccadé; 2; 0.0001
force; 16; 0.0008
vain; 3; 0.0001
puisqu’; 7; 0.0003
écrite; 1; 0.0
amuserai; 2; 0.0001
efforts; 3; 0.0001
fine; 4; 0.0002
cœur; 39; 0.0018
abritait; 1; 0.0
laboureurs; 1; 0.0
époque; 3; 0.0001
morfondre; 1; 0.0
majesté; 1; 0.0
arbre; 2; 0.0001
étais; 13; 0.0006
compte; 6; 0.0003
passablement; 1; 0.0
sommé; 1; 0.0
résolument; 1; 0.0
dialogue; 1; 0.0
cas; 4; 0.0002
politesse; 1; 0.0
mangent; 1; 0.0
peintre; 2; 0.0001
gerbes; 1; 0.0
conseiller; 1; 0.0
tellement; 3; 0.0001
petites; 6; 0.0003
oisil; 2; 0.0001
devint; 2; 0.0001
chargé; 3; 0.0001
voyantes; 1; 0.0
dentelles; 1; 0.0
extérieur; 1; 0.0
comprenait; 2; 0.0001
grandir; 1; 0.0
primitive; 1; 0.0
poussière; 1; 0.0
aurons; 1; 0.0
progrès; 2; 0.0001
creusant; 1; 0.0
était; 177; 0.0084
étroite; 1; 0.0
treizain; 1; 0.0
vendre; 1; 0.0
demanda; 8; 0.0004
fièvres; 1; 0.0
savaient; 2; 0.0001
pleines; 2; 0.0001
espérer; 3; 0.0001
légendes; 2; 0.0001
plaira; 3; 0.0001
redescendit; 1; 0.0
creusaient; 1; 0.0
levant; 1; 0.0
oublia; 1; 0.0
harassés; 2; 0.0001
petits; 13; 0.0006
adolescence; 1; 0.0
retomba; 1; 0.0
assombrir; 1; 0.0
commune; 1; 0.0
montrez; 2; 0.0001
reçu; 1; 0.0
raboteux; 1; 0.0
auras; 2; 0.0001
sauter; 1; 0.0
admiré; 1; 0.0
véritables; 1; 0.0
autrefois; 2; 0.0001
tien; 1; 0.0
identique; 1; 0.0
abord; 9; 0.0004
contentements; 1; 0.0
accoucher; 1; 0.0
réfléchissait; 1; 0.0
tenez; 4; 0.0002
intelligente; 1; 0.0
déchargeaient; 1; 0.0
voilà; 32; 0.0015
réflexion; 2; 0.0001
conviendriez; 1; 0.0
impudence; 1; 0.0
soyez; 3; 0.0001
semblent; 1; 0.0
tendre; 1; 0.0
rang; 1; 0.0
ajouta; 5; 0.0002
venu; 15; 0.0007
inutile; 1; 0.0
méchante; 3; 0.0001
rires; 3; 0.0001
bergère; 10; 0.0005
essaye; 3; 0.0001
influences; 2; 0.0001
battait; 1; 0.0
sujet; 3; 0.0001
remplacée; 1; 0.0
pittoresques; 1; 0.0
vas; 4; 0.0002
trophée; 2; 0.0001
champêtres; 1; 0.0
feinte; 1; 0.0
lancée; 1; 0.0
vide; 2; 0.0001
intentions; 2; 0.0001
irrégulière; 1; 0.0
regardaient; 1; 0.0
chemins; 9; 0.0004
préface; 1; 0.0
riait; 1; 0.0
suffisamment; 1; 0.0
pensif; 2; 0.0001
bataille; 2; 0.0001
follets; 1; 0.0
bâiller; 1; 0.0
reproduction; 2; 0.0001
couvrent; 1; 0.0
peines; 1; 0.0
rougirais; 1; 0.0
remède; 2; 0.0001
salua; 1; 0.0
pressée; 4; 0.0002
cassant; 1; 0.0
successivement; 1; 0.0
sinon; 3; 0.0001
ferait; 7; 0.0003
ressortir; 1; 0.0
prenaient; 1; 0.0
si; 22; 0.001
telle; 2; 0.0001
vla; 1; 0.0
plutôt; 6; 0.0003
passa; 5; 0.0002
arrêter; 2; 0.0001
offrirait; 1; 0.0
querella; 1; 0.0
crainte; 4; 0.0002
embrassez; 1; 0.0
indifféremment; 1; 0.0
dangereuses; 1; 0.0
paraître; 3; 0.0001
rampait; 1; 0.0
genou; 1; 0.0
rebelle; 1; 0.0
poussé; 1; 0.0
terre; 35; 0.0017
défense; 2; 0.0001
jouer; 4; 0.0002
mendiants; 1; 0.0
sortirons; 2; 0.0001
toisant; 1; 0.0
toujours; 43; 0.002
intention; 3; 0.0001
trompez; 1; 0.0
aube; 1; 0.0
trois; 38; 0.0018
méfiance; 2; 0.0001
xivla; 1; 0.0
ressemble; 1; 0.0
suivait; 2; 0.0001
fenêtre; 2; 0.0001
enseigne; 2; 0.0001
as; 21; 0.001
dira; 2; 0.0001
malins; 1; 0.0
timide; 1; 0.0
saurions; 1; 0.0
horizon; 1; 0.0
rencontrant; 1; 0.0
sortent; 2; 0.0001
perdrais; 1; 0.0
débauche; 1; 0.0
avait; 119; 0.0056
souhait; 2; 0.0001
semaine; 3; 0.0001
pintade; 1; 0.0
jura; 1; 0.0
comment; 17; 0.0008
solennelle; 1; 0.0
placé; 2; 0.0001
porte; 26; 0.0012
sinistres; 1; 0.0
vaincu; 1; 0.0
servir; 3; 0.0001
albert; 1; 0.0
doutée; 1; 0.0
brûler; 1; 0.0
nuptiale; 1; 0.0
vôtre; 3; 0.0001
misérablement; 1; 0.0
soi; 2; 0.0001
prît; 2; 0.0001
reviendrai; 1; 0.0
avoir; 35; 0.0017
sèche; 1; 0.0
crépitations; 1; 0.0
avant; 1; 0.0
égarements; 1; 0.0
création; 1; 0.0
porteurs; 1; 0.0
prenez; 6; 0.0003
campagne; 12; 0.0006
cru; 4; 0.0002
arrivées; 1; 0.0
hache; 1; 0.0
pèlerinage; 1; 0.0
compagne; 4; 0.0002
mystère; 5; 0.0002
consolons; 1; 0.0
durer; 2; 0.0001
attrapé; 2; 0.0001
firent; 5; 0.0002
mystères; 2; 0.0001
voudrez; 1; 0.0
teint; 2; 0.0001
réel; 2; 0.0001
bon; 39; 0.0018
ennuierait; 1; 0.0
termina; 1; 0.0
apprendrais; 1; 0.0
appendice; 2; 0.0001
hiver; 4; 0.0002
frémissant; 1; 0.0
figurerai; 1; 0.0
mille; 3; 0.0001
étendant; 1; 0.0
monter; 1; 0.0
pédant; 1; 0.0
1851; 1; 0.0
allèrent; 2; 0.0001
poignée; 2; 0.0001
ferme; 12; 0.0006
présidé; 1; 0.0
locutions; 1; 0.0
jeunesse; 9; 0.0004
cachent; 1; 0.0
courtisanes; 1; 0.0
réunies; 2; 0.0001
noces; 11; 0.0005
moins; 30; 0.0014
ingénieur; 1; 0.0
voudras; 1; 0.0
observations; 1; 0.0
ponts; 1; 0.0
faîtes; 1; 0.0
savez; 6; 0.0003
sot; 4; 0.0002
voix; 22; 0.001
revenants; 2; 0.0001
tu; 121; 0.0057
crier; 3; 0.0001
dévergondées; 1; 0.0
renoncer; 1; 0.0
passe; 3; 0.0001
sol; 3; 0.0001
gilet; 1; 0.0
plein; 3; 0.0001
brodée; 1; 0.0
mélange; 1; 0.0
reproche; 3; 0.0001
dédommager; 1; 0.0
glisse; 1; 0.0
facétieux; 1; 0.0
rayons; 1; 0.0
xvii.la; 1; 0.0
accompagne; 3; 0.0001
secouaient; 1; 0.0
enjoué; 1; 0.0
ménagé; 1; 0.0
imberbes; 1; 0.0
semaille; 1; 0.0
contenter; 3; 0.0001
ah; 21; 0.001
questions; 3; 0.0001
servante; 3; 0.0001
fraîche; 3; 0.0001
jambe; 1; 0.0
fonctionnaire; 1; 0.0
fronts; 1; 0.0
jacques; 6; 0.0003
assister; 3; 0.0001
éveiller; 2; 0.0001
maudit; 1; 0.0
courtisée; 1; 0.0
intérieure; 1; 0.0
attention; 9; 0.0004
contours; 2; 0.0001
salle; 1; 0.0
craindrais; 2; 0.0001
arts; 1; 0.0
piqûres; 1; 0.0
nohant; 1; 0.0
demain; 6; 0.0003
besoin; 12; 0.0006
tardiez; 1; 0.0
secrets; 1; 0.0
pensant; 1; 0.0
recommandant; 1; 0.0
employer; 1; 0.0
partir; 2; 0.0001
charpentier; 1; 0.0
satire; 1; 0.0
réuni; 1; 0.0
grossière; 1; 0.0
grincer; 1; 0.0
fécondité; 4; 0.0002
lui; 4; 0.0002
jaloux; 3; 0.0001
confiance; 2; 0.0001
empêcher; 5; 0.0002
fallait; 9; 0.0004
monté; 6; 0.0003
goûter; 2; 0.0001
trentaine; 2; 0.0001
forcée; 1; 0.0
prenons; 2; 0.0001
stérilité; 1; 0.0
loin; 28; 0.0013
frotter; 1; 0.0
resterait; 1; 0.0
singulièrement; 1; 0.0
achèverait; 1; 0.0
bête; 10; 0.0005
bordure; 1; 0.0
colère; 10; 0.0005
matinée; 1; 0.0
représentation; 1; 0.0
volonté; 10; 0.0005
objecta; 1; 0.0
vues; 1; 0.0
causons; 3; 0.0001
sale; 1; 0.0
vicaire; 1; 0.0
rosette; 1; 0.0
miel; 1; 0.0
surveillance; 1; 0.0
flotter; 1; 0.0
cheveu; 2; 0.0001
longtemps; 13; 0.0006
détourna; 1; 0.0
conviendrai; 1; 0.0
disposerait; 1; 0.0
ronde; 2; 0.0001
besoins; 1; 0.0
aimé; 4; 0.0002
grattant; 1; 0.0
pesant; 1; 0.0
simule; 1; 0.0
frotte; 1; 0.0
apathie; 1; 0.0
allégories; 1; 0.0
libre; 2; 0.0001
reléguer; 1; 0.0
suivit; 1; 0.0
comprenons; 1; 0.0
parfaitement; 2; 0.0001
ta; 2; 0.0001
rebute; 2; 0.0001
sillon; 14; 0.0007
quatrième; 2; 0.0001
préparatifs; 1; 0.0
reculé; 1; 0.0
robuste; 2; 0.0001
augmenter; 1; 0.0
dur; 3; 0.0001
éprouvées; 1; 0.0
tuerait; 1; 0.0
dirais; 1; 0.0
souhaiterais; 2; 0.0001
demi-bourgeois; 1; 0.0
procéda; 2; 0.0001
plaisir; 10; 0.0005
aller; 31; 0.0015
échelle; 1; 0.0
bouche; 4; 0.0002
pourquoi; 18; 0.0009
transmet; 2; 0.0001
plumez; 1; 0.0
courbant; 1; 0.0
michel; 1; 0.0
attendons; 2; 0.0001
vains; 1; 0.0
étranges; 4; 0.0002
constaté; 1; 0.0
conçue; 1; 0.0
manges; 1; 0.0
vertu; 2; 0.0001
civilisée; 1; 0.0
fin; 11; 0.0005
jonchait; 1; 0.0
tendit; 3; 0.0001
irez; 1; 0.0
arrivée; 1; 0.0
sentit; 4; 0.0002
incertitudes; 1; 0.0
ennuyait; 1; 0.0
envers; 1; 0.0
ennuyer; 1; 0.0
put; 5; 0.0002
hésitation; 2; 0.0001
emmener; 7; 0.0003
légitime; 1; 0.0
donnaient; 1; 0.0
gênera; 1; 0.0
épie; 1; 0.0
goût; 5; 0.0002
artiste; 6; 0.0003
providence; 2; 0.0001
routes; 3; 0.0001
marie; 150; 0.0071
immondes; 1; 0.0
claudie; 1; 0.0
marché; 4; 0.0002
devines; 1; 0.0
repasserai; 1; 0.0
revenant; 2; 0.0001
disposé; 2; 0.0001
effusion; 1; 0.0
coûteront; 1; 0.0
longues; 2; 0.0001
folâtré; 1; 0.0
donné; 5; 0.0002
contez; 1; 0.0
suis; 40; 0.0019
selle; 1; 0.0
écria; 9; 0.0004
banderoles; 1; 0.0
arrachez; 1; 0.0
entrèrent; 2; 0.0001
invincible; 1; 0.0
courut; 3; 0.0001
inquiète; 5; 0.0002
passants; 2; 0.0001
métairies; 1; 0.0
puisant; 1; 0.0
vraiment; 3; 0.0001
horions; 1; 0.0
laine; 3; 0.0001
abreuvoir; 1; 0.0
lettre; 2; 0.0001
prend; 4; 0.0002
appeler; 1; 0.0
anges; 1; 0.0
côtoyant; 1; 0.0
agit; 7; 0.0003
affectation; 1; 0.0
bastien; 6; 0.0003
pareille; 3; 0.0001
insupportable; 1; 0.0
lors; 1; 0.0
réconciliera; 1; 0.0
rougis; 1; 0.0
conseils; 1; 0.0
voudraient; 3; 0.0001
refuse; 3; 0.0001
promettait; 1; 0.0
réglé; 1; 0.0
fâchée; 5; 0.0002
frémit; 1; 0.0
conduirez; 1; 0.0
retirant; 1; 0.0
brisa; 1; 0.0
tâchons; 1; 0.0
rapprocher; 1; 0.0
pencha; 2; 0.0001
chansons; 2; 0.0001
sorciers; 1; 0.0
scènes; 1; 0.0
voulez; 23; 0.0011
arracher; 2; 0.0001
déteste; 1; 0.0
pinson; 1; 0.0
pensiez; 1; 0.0
charrette; 1; 0.0
voulions; 1; 0.0
voulais; 4; 0.0002
années; 5; 0.0002
savait; 6; 0.0003
voicy; 1; 0.0
vent; 5; 0.0002
lâchant; 1; 0.0
ensuite; 6; 0.0003
affaibli; 1; 0.0
figures; 1; 0.0
misérables; 1; 0.0
rois; 1; 0.0
vice; 1; 0.0
frère; 2; 0.0001
corlay; 1; 0.0
impression; 2; 0.0001
affaire; 4; 0.0002
criminel; 1; 0.0
fixe; 1; 0.0
eussent; 2; 0.0001
entourait; 1; 0.0
donnée; 1; 0.0
serai; 6; 0.0003
ailés; 1; 0.0
air; 29; 0.0014
joué; 1; 0.0
unisson; 1; 0.0
vielleux; 1; 0.0
merci; 5; 0.0002
montrera; 1; 0.0
sévère; 2; 0.0001
joignant; 1; 0.0
renversé; 1; 0.0
auquel; 3; 0.0001
vieille; 18; 0.0009
aurez; 4; 0.0002
ordinaire; 2; 0.0001
troupeau; 1; 0.0
essaya; 3; 0.0001
pâtiront; 1; 0.0
détournais; 1; 0.0
note; 1; 0.0
roula; 1; 0.0
lèvres; 2; 0.0001
candeur; 2; 0.0001
disait; 9; 0.0004
condition; 4; 0.0002
demandiez; 1; 0.0
trompeurs; 1; 0.0
danse; 5; 0.0002
séculaires; 1; 0.0
chef; 5; 0.0002
amasser; 2; 0.0001
danger; 2; 0.0001
verglas; 1; 0.0
devons; 2; 0.0001
surprendre; 1; 0.0
instruments; 4; 0.0002
ami; 3; 0.0001
joyeuse; 1; 0.0
douceur; 1; 0.0
mélancolique; 1; 0.0
toilette; 4; 0.0002
entrer; 12; 0.0006
puissants; 1; 0.0
importera; 1; 0.0
partages; 1; 0.0
bruits; 3; 0.0001
réclamerais; 1; 0.0
retombait; 1; 0.0
voisins; 3; 0.0001
phalange; 1; 0.0
échangea; 1; 0.0
familles; 3; 0.0001
menteurs; 1; 0.0
champs; 16; 0.0008
blonds; 1; 0.0
atteint; 1; 0.0
veine; 1; 0.0
usé; 1; 0.0
domicile; 1; 0.0
anciennes; 1; 0.0
comprendront; 1; 0.0
galants; 2; 0.0001
frôlant; 1; 0.0
embrassais; 1; 0.0
quart; 4; 0.0002
vraie; 1; 0.0
puissante; 4; 0.0002
poudre; 1; 0.0
recevoir; 4; 0.0002
boiteuse; 1; 0.0
lamentable; 1; 0.0
loué; 1; 0.0
accoutumé; 1; 0.0
lazzis; 1; 0.0
brouette; 1; 0.0
obscurité; 1; 0.0
parent; 1; 0.0
ferons; 2; 0.0001
présentation; 1; 0.0
asseoir; 4; 0.0002
chauffeurs; 1; 0.0
accomplir; 2; 0.0001
pêle-mêle; 1; 0.0
préserver; 2; 0.0001
macabre; 1; 0.0
insensiblement; 1; 0.0
foudre; 1; 0.0
dégager; 1; 0.0
assiette; 1; 0.0
terribles; 2; 0.0001
↑; 1; 0.0
diète; 1; 0.0
ans; 30; 0.0014
rencontres; 1; 0.0
agréer; 1; 0.0
affreux; 3; 0.0001
insolents; 1; 0.0
raisonnable; 6; 0.0003
plates; 1; 0.0
holbein; 13; 0.0006
critiquer; 2; 0.0001
conscience; 2; 0.0001
bru; 4; 0.0002
pluie; 4; 0.0002
certes; 1; 0.0
songeât; 1; 0.0
entonna; 1; 0.0
plus; 204; 0.0096
amuser; 1; 0.0
rustiques; 2; 0.0001
exclusivement; 1; 0.0
fendus; 3; 0.0001
bûcheron; 2; 0.0001
jouissance; 1; 0.0
hélas; 11; 0.0005
appelé; 1; 0.0
mince; 3; 0.0001
mâle; 1; 0.0
joie; 3; 0.0001
soirée; 1; 0.0
mairie; 2; 0.0001
autant; 14; 0.0007
mauvais; 14; 0.0007
continuelles; 1; 0.0
loisir; 3; 0.0001
connaissant; 1; 0.0
système; 2; 0.0001
conciliation; 1; 0.0
vainqueur; 1; 0.0
labourage; 2; 0.0001
laver; 1; 0.0
esprits; 7; 0.0003
répartissent; 1; 0.0
aurait; 16; 0.0008
tromperez; 1; 0.0
complémentaires; 1; 0.0
historiques; 1; 0.0
souilles; 1; 0.0
bonheur; 12; 0.0006
décider; 4; 0.0002
actions; 2; 0.0001
noyé; 1; 0.0
discussions; 1; 0.0
intérieur; 4; 0.0002
existe; 1; 0.0
égayant; 1; 0.0
souhaite; 2; 0.0001
singularité; 1; 0.0
frappait; 1; 0.0
vilain; 5; 0.0002
faites; 10; 0.0005
buissons; 4; 0.0002
contient; 1; 0.0
interrogations; 1; 0.0
tenir; 5; 0.0002
donnerait; 1; 0.0
justement; 4; 0.0002
chaise; 2; 0.0001
braconniers; 1; 0.0
joyeuses; 1; 0.0
midi; 1; 0.0
qu’; 68; 0.0032
toit; 1; 0.0
pistolet; 7; 0.0003
sérieux; 4; 0.0002
contents; 1; 0.0
rencontrèrent; 1; 0.0
malédiction; 1; 0.0
qualité; 1; 0.0
ridicule; 1; 0.0
oui; 46; 0.0022
portées; 1; 0.0
croyons; 2; 0.0001
prit; 13; 0.0006
chènevière; 1; 0.0
réunir; 2; 0.0001
avertissaient; 1; 0.0
eaux; 1; 0.0
immortelle; 1; 0.0
sauge; 1; 0.0
xiiile; 1; 0.0
amenant; 1; 0.0
flairant; 1; 0.0
commencer; 2; 0.0001
bougerait; 1; 0.0
respect; 3; 0.0001
labourable; 1; 0.0
perdait; 1; 0.0
immense; 1; 0.0
vola; 1; 0.0
stationnaire; 1; 0.0
mensonge; 1; 0.0
vase; 1; 0.0
gré; 2; 0.0001
poétiques; 1; 0.0
rameniez; 1; 0.0
promesse; 1; 0.0
scélérats; 1; 0.0
nombre; 5; 0.0002
trouverez; 1; 0.0
entra; 4; 0.0002
accordaient; 1; 0.0
enveloppa; 1; 0.0
défricher; 1; 0.0
terrible; 5; 0.0002
effrayé; 3; 0.0001
lenteurs; 1; 0.0
franchi; 1; 0.0
donnez; 7; 0.0003
porter; 8; 0.0004
faillit; 1; 0.0
foi; 1; 0.0
inspirent; 1; 0.0
occasions; 1; 0.0
aubergiste; 1; 0.0
poltron; 1; 0.0
lieu; 13; 0.0006
débarbouillés; 1; 0.0
donnant; 1; 0.0
recommanderez; 1; 0.0
promptes; 1; 0.0
restent; 1; 0.0
récentes; 1; 0.0
four; 1; 0.0
ennui; 6; 0.0003
grenouilles; 1; 0.0
réduit; 1; 0.0
réfléchi; 1; 0.0
seulement; 12; 0.0006
invoquerons; 1; 0.0
sentimental; 1; 0.0
allaient; 1; 0.0
chaud; 5; 0.0002
combattre; 1; 0.0
entendit; 4; 0.0002
faiblesse; 3; 0.0001
pointe; 1; 0.0
boiras; 1; 0.0
cria; 1; 0.0
protège; 1; 0.0
âmes; 4; 0.0002
hâte; 1; 0.0
groupe; 2; 0.0001
négligé; 1; 0.0
rangs; 3; 0.0001
diverses; 1; 0.0
étendaient; 1; 0.0
trente-deux; 1; 0.0
recherchée; 1; 0.0
sujets; 1; 0.0
constant; 1; 0.0
devait; 8; 0.0004
incarnat; 1; 0.0
risquer; 1; 0.0
réserver; 1; 0.0
ingénument; 1; 0.0
racontait; 1; 0.0
mangé; 5; 0.0002
tordue; 1; 0.0
vicieuse; 1; 0.0
poliment; 1; 0.0
connues; 1; 0.0
content; 5; 0.0002
occupera; 1; 0.0
résolu; 2; 0.0001
chant; 8; 0.0004
cacha; 1; 0.0
foulé; 1; 0.0
séchant; 1; 0.0
attendront; 1; 0.0
courroies; 1; 0.0
bêtises; 1; 0.0
regrets; 1; 0.0
clameurs; 1; 0.0
trouvait; 7; 0.0003
laissent; 1; 0.0
veuillez; 1; 0.0
cérémonies; 1; 0.0
liées; 1; 0.0
consolante; 1; 0.0
orage; 1; 0.0
cachions; 1; 0.0
dignement; 1; 0.0
affirmé; 1; 0.0
paraissaient; 1; 0.0
celui; 4; 0.0002
ruban; 2; 0.0001
dessiné; 1; 0.0
arrivés; 2; 0.0001
embrasserait; 1; 0.0
rêvé; 1; 0.0
suffisaient; 1; 0.0
perverti; 1; 0.0
physique; 1; 0.0
montrer; 9; 0.0004
endormis; 1; 0.0
respectables; 1; 0.0
pétillait; 1; 0.0
xiv; 1; 0.0
renommée; 1; 0.0
souvenir; 4; 0.0002
peut; 25; 0.0012
digne; 2; 0.0001
parure; 1; 0.0
méprenant; 1; 0.0
étouffer; 1; 0.0
gravement; 3; 0.0001
omelette; 1; 0.0
digression; 2; 0.0001
blanc; 8; 0.0004
osier; 2; 0.0001
ouvrira; 1; 0.0
ai; 107; 0.0051
matin; 11; 0.0005
ouvrant; 2; 0.0001
enlacer; 1; 0.0
commencerait; 1; 0.0
distinction; 1; 0.0
provinces; 2; 0.0001
soulevant; 2; 0.0001
chantait; 5; 0.0002
grange; 3; 0.0001
éveillé; 2; 0.0001
serrez; 1; 0.0
moques; 1; 0.0
garder; 4; 0.0002
entière; 2; 0.0001
ennuiera; 1; 0.0
récitatif; 1; 0.0
demi; 5; 0.0002
menus; 1; 0.0
sanglotante; 1; 0.0
inauguration; 1; 0.0
cassé; 1; 0.0
regarder; 9; 0.0004
passerait; 1; 0.0
promenais; 2; 0.0001
envahir; 1; 0.0
écrire; 1; 0.0
résigné; 1; 0.0
orner; 1; 0.0
aussi; 69; 0.0033
devrait; 2; 0.0001
humide; 4; 0.0002
voisines; 2; 0.0001
assoupi; 2; 0.0001
mystérieuse; 2; 0.0001
sois; 4; 0.0002
levé; 1; 0.0
abjection; 3; 0.0001
détacher; 1; 0.0
partaient; 1; 0.0
menteries; 1; 0.0
feu; 38; 0.0018
penauds; 1; 0.0
commentaires; 1; 0.0
rude; 6; 0.0003
eusses; 1; 0.0
trinquant; 1; 0.0
rapporte; 2; 0.0001
mangerai; 1; 0.0
monde; 25; 0.0012
sexes; 2; 0.0001
enveloppés; 1; 0.0
considérée; 1; 0.0
cours; 3; 0.0001
sentent; 2; 0.0001
renvoyait; 1; 0.0
naturelle; 1; 0.0
assassin; 1; 0.0
rythme; 1; 0.0
dame; 3; 0.0001
attendre; 7; 0.0003
attentives; 1; 0.0
amoureux; 7; 0.0003
prétentions; 1; 0.0
dissipe; 1; 0.0
ouvrier; 2; 0.0001
cheveux; 5; 0.0002
fixés; 1; 0.0
chants; 3; 0.0001
attirait; 1; 0.0
puissions; 1; 0.0
partager; 1; 0.0
pénible; 2; 0.0001
tient; 2; 0.0001
afin; 5; 0.0002
ramasse; 1; 0.0
laban; 1; 0.0
satan; 1; 0.0
goûté; 1; 0.0
froide; 2; 0.0001
songez; 1; 0.0
fiancée; 14; 0.0007
arriveras; 1; 0.0
effrayant; 1; 0.0
creusés; 1; 0.0
parlez; 4; 0.0002
pèlerins; 4; 0.0002
voyageurs; 3; 0.0001
empêchera; 1; 0.0
fumée; 2; 0.0001
réelle; 2; 0.0001
camélias; 1; 0.0
épouseurs; 1; 0.0
jour; 35; 0.0017
gentil; 3; 0.0001
tour; 4; 0.0002
morale; 1; 0.0
remontrances; 1; 0.0
majestueuse; 1; 0.0
cheville; 1; 0.0
vallées; 1; 0.0
défunte; 1; 0.0
danser; 6; 0.0003
vaut; 3; 0.0001
vaine; 1; 0.0
goulu; 1; 0.0
feriez; 1; 0.0
paraissait; 6; 0.0003
avertiras; 1; 0.0
tourner; 4; 0.0002
demandai; 1; 0.0
écouter; 1; 0.0
étude; 1; 0.0
faute; 5; 0.0002
hauts; 2; 0.0001
saison; 2; 0.0001
défensive; 1; 0.0
intraduisible; 1; 0.0
brouillent; 1; 0.0
accroître; 1; 0.0
emmenait; 2; 0.0001
rivaux; 1; 0.0
enfance; 3; 0.0001
protestait; 1; 0.0
maurice; 38; 0.0018
bleu; 4; 0.0002
ramée; 1; 0.0
souper; 7; 0.0003
bonnes; 11; 0.0005
soupes; 1; 0.0
environs; 4; 0.0002
avertir; 2; 0.0001
tendresse; 1; 0.0
compagnons; 2; 0.0001
féconde; 1; 0.0
écraseront; 1; 0.0
naïveté; 1; 0.0
présent; 27; 0.0013
avises; 1; 0.0
siens; 2; 0.0001
travailla; 1; 0.0
touchante; 1; 0.0
distraire; 5; 0.0002
robe; 4; 0.0002
caractère; 5; 0.0002
défaite; 1; 0.0
liés; 2; 0.0001
conduit; 1; 0.0
mare; 8; 0.0004
honneurs; 1; 0.0
rêvez; 1; 0.0
gonflé; 1; 0.0
cesse; 2; 0.0001
positive; 1; 0.0
vînt; 1; 0.0
conquis; 1; 0.0
diamants; 1; 0.0
mari; 20; 0.0009
aiment; 3; 0.0001
regard; 4; 0.0002
soit; 27; 0.0013
chercher; 16; 0.0008
conversions; 1; 0.0
seuls; 1; 0.0
gâter; 1; 0.0
antique; 9; 0.0004
immortelles; 1; 0.0
lire; 1; 0.0
rentrerait; 1; 0.0
brûlerait; 1; 0.0
adieu; 7; 0.0003
belle-mère; 4; 0.0002
métairie; 9; 0.0004
jeannie; 1; 0.0
presles; 1; 0.0
prier; 3; 0.0001
invitée; 1; 0.0
aisé; 1; 0.0
terrassa; 1; 0.0
pénétration; 1; 0.0
sûr; 8; 0.0004
reparti; 1; 0.0
marchait; 2; 0.0001
vi; 1; 0.0
parlé; 5; 0.0002
toute; 18; 0.0009
rompit; 1; 0.0
désormais; 1; 0.0
dansait; 3; 0.0001
cueille; 1; 0.0
pouvait; 14; 0.0007
averti; 1; 0.0
toucha; 1; 0.0
broche; 10; 0.0005
arme; 1; 0.0
attablés; 1; 0.0
levait; 1; 0.0
chastement; 1; 0.0
social; 1; 0.0
répondrons; 1; 0.0
ennuis; 3; 0.0001
accord; 2; 0.0001
charmant; 1; 0.0
soutenait; 3; 0.0001
questionner; 4; 0.0002
incomplets; 1; 0.0
deviendra; 2; 0.0001
conjugale; 1; 0.0
pourrais; 4; 0.0002
il’; 1; 0.0
figure; 5; 0.0002
ornée; 5; 0.0002
véritable; 5; 0.0002
parlerons; 2; 0.0001
saint-jacques; 1; 0.0
épars; 1; 0.0
écurie; 2; 0.0001
tira; 1; 0.0
prouvera; 1; 0.0
cœurs; 1; 0.0
relevait; 1; 0.0
rendant; 1; 0.0
ennuie; 1; 0.0
aspect; 1; 0.0
maltraités; 1; 0.0
eurent; 2; 0.0001
battez; 2; 0.0001
taire; 1; 0.0
rattraper; 2; 0.0001
jetant; 2; 0.0001
us; 1; 0.0
manière; 8; 0.0004
creusé; 3; 0.0001
distinctement; 1; 0.0
réfléchir; 2; 0.0001
quelconque; 2; 0.0001
possible; 6; 0.0003
poitrine; 3; 0.0001
conquête; 1; 0.0
parfois; 4; 0.0002
assurer; 1; 0.0
fourchus; 1; 0.0
pierreuses; 1; 0.0
conjoints; 1; 0.0
répondirent; 3; 0.0001
liens; 1; 0.0
arrondi; 1; 0.0
saturnales; 1; 0.0
ix; 1; 0.0
attribuées; 1; 0.0
brouillards; 1; 0.0
arène; 1; 0.0
trouvera; 2; 0.0001
improviste; 1; 0.0
entier; 1; 0.0
boue; 1; 0.0
villageoises; 1; 0.0
sûrs; 1; 0.0
permet; 1; 0.0
bouge; 1; 0.0
avise; 1; 0.0
droite; 4; 0.0002
aime; 25; 0.0012
attachant; 1; 0.0
disiez; 1; 0.0
longuement; 2; 0.0001
debout; 1; 0.0
ardentes; 2; 0.0001
endormi; 3; 0.0001
tiennent; 3; 0.0001
pleurât; 1; 0.0
poussant; 2; 0.0001
interposent; 1; 0.0
large; 6; 0.0003
penses; 2; 0.0001
enrhumée; 1; 0.0
extrême; 1; 0.0
enquit; 1; 0.0
riant; 4; 0.0002
comptes; 1; 0.0
repasserez; 1; 0.0
brutal; 1; 0.0
permanence; 1; 0.0
çà; 2; 0.0001
exercent; 1; 0.0
armé; 3; 0.0001
dû; 3; 0.0001
lorsqu’; 14; 0.0007
repentir; 1; 0.0
aimée; 1; 0.0
honte; 6; 0.0003
serein; 1; 0.0
charges; 1; 0.0
ivresse; 4; 0.0002
inoffensif; 1; 0.0
pouvoir; 5; 0.0002
samedi; 2; 0.0001
ouvraient; 1; 0.0
pauvre; 47; 0.0022
émigrantes; 1; 0.0
religieux; 1; 0.0
voulait; 11; 0.0005
tièdes; 1; 0.0
perdrix; 4; 0.0002
aimer; 9; 0.0004
mieux; 36; 0.0017
laide; 8; 0.0004
indiqué; 1; 0.0
châtiment; 2; 0.0001
idiotismes; 1; 0.0
cul-de-lampe; 1; 0.0
fantaisie; 1; 0.0
principalement; 1; 0.0
exhalait; 1; 0.0
digestion; 1; 0.0
rentrant; 1; 0.0
chercha; 2; 0.0001
symbole; 2; 0.0001
babil; 1; 0.0
couchant; 2; 0.0001
animez; 1; 0.0
orgueilleux; 1; 0.0
brandes; 1; 0.0
répondre; 7; 0.0003
mois; 4; 0.0002
couverts; 2; 0.0001
fourrages; 1; 0.0
doutait; 1; 0.0
troublait; 1; 0.0
délicatesse; 1; 0.0
poches; 1; 0.0
incroyable; 1; 0.0
chœur; 1; 0.0
vaux; 1; 0.0
temps; 42; 0.002
forçat; 1; 0.0
soutien; 1; 0.0
exprès; 1; 0.0
répondrai; 1; 0.0
holà; 2; 0.0001
lièvres; 1; 0.0
côtés; 6; 0.0003
plaindre; 4; 0.0002
plains; 2; 0.0001
quelquefois; 1; 0.0
serrer; 1; 0.0
usage; 7; 0.0003
mauvaise; 9; 0.0004
dites; 10; 0.0005
majestueusement; 1; 0.0
barde; 1; 0.0
cornes; 1; 0.0
veillaient; 1; 0.0
commanderait; 1; 0.0
instant; 5; 0.0002
plaignais; 1; 0.0
approcha; 3; 0.0001
donnait; 3; 0.0001
maintenir; 1; 0.0
bras; 34; 0.0016
têteau; 1; 0.0
éclairci; 1; 0.0
grands; 15; 0.0007
couvraient; 1; 0.0
séjour; 1; 0.0
avancent; 1; 0.0
grenier; 5; 0.0002
chat; 1; 0.0
diront; 1; 0.0
longue; 7; 0.0003
exhalaient; 1; 0.0
splendides; 1; 0.0
nostalgie; 1; 0.0
décidément; 1; 0.0
prenant; 6; 0.0003
grimace; 2; 0.0001
pèse; 2; 0.0001
saint-chartier; 2; 0.0001
amassé; 1; 0.0
malaise; 3; 0.0001
complaisance; 1; 0.0
réveillée; 1; 0.0
cornette; 5; 0.0002
vaste; 7; 0.0003
fleur; 2; 0.0001
livrée; 1; 0.0
virgile; 2; 0.0001
récompense; 1; 0.0
répète; 1; 0.0
regarda; 10; 0.0005
épinard; 1; 0.0
rumeur; 1; 0.0
sottise; 1; 0.0
humides; 2; 0.0001
travaillait; 1; 0.0
capables; 1; 0.0
auberge; 1; 0.0
rendormit; 1; 0.0
replongeant; 1; 0.0
enrouée; 2; 0.0001
parvenait; 1; 0.0
souches; 3; 0.0001
rebec; 6; 0.0003
souffert; 3; 0.0001
enflammèrent; 1; 0.0
penchant; 1; 0.0
seront; 1; 0.0
crochetant; 1; 0.0
poète; 1; 0.0
éloigne; 3; 0.0001
accompagné; 1; 0.0
nuitée; 1; 0.0
précédents; 1; 0.0
muni; 1; 0.0
violence; 2; 0.0001
justice; 1; 0.0
apercevais; 1; 0.0
grand-peur; 1; 0.0
absents; 1; 0.0
nuits; 5; 0.0002
prendras; 1; 0.0
pudeur; 2; 0.0001
descendons; 1; 0.0
ait; 5; 0.0002
tous; 33; 0.0016
effrayer; 1; 0.0
prison; 1; 0.0
allègre; 1; 0.0
complaintes; 1; 0.0
immatérielles; 1; 0.0
menace; 3; 0.0001
paralytique; 1; 0.0
fruits; 2; 0.0001
hennit; 2; 0.0001
atours; 1; 0.0
cherchait; 2; 0.0001
violer; 1; 0.0
exténué; 2; 0.0001
cynisme; 1; 0.0
remonta; 3; 0.0001
avant-dernier; 1; 0.0
dangereuse; 1; 0.0
chefs; 1; 0.0
portes; 3; 0.0001
extérieures; 1; 0.0
disparaît; 1; 0.0
vint; 3; 0.0001
service; 8; 0.0004
épaisses; 2; 0.0001
puisque; 2; 0.0001
essais; 1; 0.0
etc; 1; 0.0
ordre; 5; 0.0002
image; 1; 0.0
cachée; 1; 0.0
fantômes; 3; 0.0001
raisonnement; 1; 0.0
devisaient; 1; 0.0
vigoureuse; 1; 0.0
septembre; 1; 0.0
situation; 2; 0.0001
tromper; 6; 0.0003
iii.le; 1; 0.0
ménagera; 1; 0.0
simulés; 1; 0.0
grand-peine; 1; 0.0
portais; 1; 0.0
postérité; 1; 0.0
jupes; 1; 0.0
arrivé; 6; 0.0003
manquait; 1; 0.0
soutenu; 1; 0.0
coupable; 2; 0.0001
corbeilles; 1; 0.0
souriant; 4; 0.0002
conséquent; 1; 0.0
marraine; 1; 0.0
bontemps; 1; 0.0
reculer; 1; 0.0
risque; 2; 0.0001
munificence; 1; 0.0
coutumes; 2; 0.0001
close; 1; 0.0
frappés; 1; 0.0
commander; 2; 0.0001
encourageait; 1; 0.0
moqueraient; 1; 0.0
trouverai; 1; 0.0
demeures; 1; 0.0
sauvons; 1; 0.0
montaigne; 1; 0.0
journée; 13; 0.0006
essayait; 1; 0.0
trophées; 1; 0.0
franchir; 1; 0.0
investigation; 1; 0.0
racontés; 1; 0.0
jardinière; 4; 0.0002
pensée; 11; 0.0005
cou; 3; 0.0001
nuit; 30; 0.0014
mettez; 3; 0.0001
hardi; 1; 0.0
mission; 2; 0.0001
nobles; 2; 0.0001
trouvée; 2; 0.0001
adolescents; 1; 0.0
vue; 15; 0.0007
trouvés; 1; 0.0
mourir; 5; 0.0002
pleurez; 2; 0.0001
bêche; 2; 0.0001
trébuchent; 1; 0.0
séparez; 1; 0.0
culminant; 1; 0.0
pensa; 5; 0.0002
tuerions; 1; 0.0
richesses; 3; 0.0001
embrasser; 10; 0.0005
momeries; 1; 0.0
gâtez; 1; 0.0
présence; 3; 0.0001
refendre; 2; 0.0001
claire; 2; 0.0001
prise; 6; 0.0003
demi-voix; 1; 0.0
promets; 1; 0.0
retombèrent; 1; 0.0
attirant; 1; 0.0
allée; 1; 0.0
contrée; 3; 0.0001
déraison; 1; 0.0
discutent; 1; 0.0
méfiant; 2; 0.0001
arrivez; 2; 0.0001
bretagne; 2; 0.0001
drôle; 5; 0.0002
treize; 1; 0.0
minces; 1; 0.0
revint; 4; 0.0002
gagna; 1; 0.0
champêtre; 2; 0.0001
fils; 22; 0.001
mis; 5; 0.0002
alors; 38; 0.0018
voudrait; 5; 0.0002
lecteur; 4; 0.0002
viiisous; 1; 0.0
xià; 1; 0.0
jettera; 1; 0.0
soir; 15; 0.0007
raide; 2; 0.0001
contente; 2; 0.0001
perde; 1; 0.0
esclavage; 1; 0.0
an; 4; 0.0002
inusitées; 1; 0.0
mouraient; 1; 0.0
doux; 4; 0.0002
lisière; 2; 0.0001
voilée; 2; 0.0001
existerait; 1; 0.0
têtes; 3; 0.0001
éloigner; 1; 0.0
élevés; 2; 0.0001
inévitables; 1; 0.0
agissait; 3; 0.0001
soixante-dix; 1; 0.0
rendra; 3; 0.0001
victoire; 2; 0.0001
élevez; 1; 0.0
cessassent; 1; 0.0
trouva; 8; 0.0004
champion; 1; 0.0
raconte; 3; 0.0001
déposa; 1; 0.0
raconter; 3; 0.0001
laisse; 4; 0.0002
lugubre; 1; 0.0
plumer; 1; 0.0
…; 34; 0.0016
impatience; 4; 0.0002
disert; 2; 0.0001
vingt-quatre; 1; 0.0
lamentations; 2; 0.0001
12; 1; 0.0
pages; 2; 0.0001
détendirent; 1; 0.0
limites; 1; 0.0
aura; 9; 0.0004
alla; 4; 0.0002
permettent; 1; 0.0
minutes; 2; 0.0001
lancez; 1; 0.0
x.malgré; 1; 0.0
babillent; 1; 0.0
compté; 1; 0.0
entraînent; 1; 0.0
croit; 2; 0.0001
marches; 1; 0.0
loi; 1; 0.0
soin; 9; 0.0004
recommença; 3; 0.0001
fixant; 1; 0.0
crèche; 1; 0.0
vendrait; 1; 0.0
parte; 1; 0.0
venons; 1; 0.0
vont; 4; 0.0002
trouvé; 3; 0.0001
parut; 3; 0.0001
mères; 1; 0.0
avilie; 2; 0.0001
dirent; 1; 0.0
peindre; 3; 0.0001
viendrai; 1; 0.0
curieux; 2; 0.0001
plancher; 2; 0.0001
trompa; 2; 0.0001
bétail; 1; 0.0
niaises; 1; 0.0
voici; 3; 0.0001
là; 72; 0.0034
mépris; 3; 0.0001
voyait; 7; 0.0003
tomate; 1; 0.0
demande; 5; 0.0002
quittait; 1; 0.0
aille; 3; 0.0001
intéresser; 1; 0.0
compliments; 2; 0.0001
tirer; 1; 0.0
aiderais; 1; 0.0
fortunatos; 1; 0.0
prises; 1; 0.0
remercie; 2; 0.0001
est; 430; 0.0203
vivent; 2; 0.0001
involontaire; 1; 0.0
saurais; 1; 0.0
avance; 3; 0.0001
présenté; 1; 0.0
jacob; 1; 0.0
symbolique; 1; 0.0
renier; 1; 0.0
acéré; 1; 0.0
embrasse; 4; 0.0002
tenue; 3; 0.0001
assiégeants; 3; 0.0001
gueux; 1; 0.0
autres; 34; 0.0016
éclaircir; 1; 0.0
demandait; 1; 0.0
fâche; 1; 0.0
dégoûter; 1; 0.0
souleva; 1; 0.0
excessif; 1; 0.0
maison; 46; 0.0022
dix-sept; 1; 0.0
moissons; 2; 0.0001
veuve; 21; 0.001
mains; 11; 0.0005
moque; 2; 0.0001
mourrez; 1; 0.0
o; 1; 0.0
cantinière; 1; 0.0
voyez; 15; 0.0007
imprimant; 1; 0.0
tiges; 3; 0.0001
élancé; 1; 0.0
antagonistes; 1; 0.0
prétendants; 5; 0.0002
lucarne; 6; 0.0003
invariable; 2; 0.0001
changé; 1; 0.0
consoler; 4; 0.0002
caprices; 1; 0.0
voyons; 10; 0.0005
essaimer; 1; 0.0
gênez; 1; 0.0
chapeau; 2; 0.0001
hâter; 1; 0.0
rivales; 1; 0.0
braise; 3; 0.0001
suivis; 1; 0.0
barbouillée; 1; 0.0
villages; 1; 0.0
amis; 11; 0.0005
efflanqués; 1; 0.0
surpris; 1; 0.0
dirons; 2; 0.0001
ailleurs; 19; 0.0009
annoncèrent; 3; 0.0001
terreurs; 1; 0.0
uns; 6; 0.0003
aimés; 2; 0.0001
lieux; 2; 0.0001
demeure; 4; 0.0002
neige; 1; 0.0
étonnée; 3; 0.0001
lent; 1; 0.0
messe; 5; 0.0002
faisais; 1; 0.0
faite; 10; 0.0005
raisonnables; 1; 0.0
nettement; 1; 0.0
gêne; 1; 0.0
bride; 3; 0.0001
offrande; 1; 0.0
pénétré; 1; 0.0
errantes; 1; 0.0
souvient; 1; 0.0
voyage; 9; 0.0004
moines; 1; 0.0
mangerez; 1; 0.0
maintenue; 1; 0.0
fermé; 2; 0.0001
fermes; 2; 0.0001
secousses; 1; 0.0
quatrain; 2; 0.0001
défendre; 3; 0.0001
tandis; 14; 0.0007
agiter; 1; 0.0
mondes; 1; 0.0
ormeaux; 14; 0.0007
étable; 2; 0.0001
consolation; 1; 0.0
pensez; 1; 0.0
berry; 1; 0.0
moralité; 2; 0.0001
emblème; 1; 0.0
marche; 11; 0.0005
juge; 1; 0.0
opulence; 1; 0.0
tuée; 1; 0.0
tenait; 4; 0.0002
immonde; 2; 0.0001
prévoir; 1; 0.0
sagement; 3; 0.0001
soupe; 4; 0.0002
bague; 3; 0.0001
souhaité; 2; 0.0001
maintenant; 6; 0.0003
épouseur; 2; 0.0001
voulons; 6; 0.0003
plaisanteries; 1; 0.0
coiffée; 1; 0.0
bazvalan; 1; 0.0
noble; 1; 0.0
tort; 5; 0.0002
précipiter; 1; 0.0
poignets; 2; 0.0001
isolé; 1; 0.0
sortit; 3; 0.0001
vieillerie; 1; 0.0
dessinait; 1; 0.0
écus; 4; 0.0002
rentre; 1; 0.0
douter; 1; 0.0
répand; 1; 0.0
connue; 1; 0.0
légère; 5; 0.0002
peignant; 1; 0.0
procéderait; 1; 0.0
miroirs; 1; 0.0
louise; 1; 0.0
son; 1; 0.0
sécher; 1; 0.0
couvrait; 2; 0.0001
étonne; 2; 0.0001
connaissais; 1; 0.0
sabot; 1; 0.0
attendant; 3; 0.0001
aperçurent; 1; 0.0
attachés; 1; 0.0
tire; 2; 0.0001
rage; 2; 0.0001
coups; 11; 0.0005
régner; 1; 0.0
compliment; 1; 0.0
désappointés; 1; 0.0
chagrin; 11; 0.0005
costume; 1; 0.0
console; 1; 0.0
vigoureusement; 1; 0.0
cacher; 7; 0.0003
inquiet; 4; 0.0002
haine; 1; 0.0
sueurs; 1; 0.0
ouvertes; 1; 0.0
accent; 1; 0.0
prierait; 1; 0.0
glissé; 1; 0.0
corrompu; 1; 0.0
correction; 1; 0.0
tables; 1; 0.0
persuadèrent; 1; 0.0
vérité; 9; 0.0004
pauvres; 16; 0.0008
brilla; 1; 0.0
fâché; 1; 0.0
maudite; 1; 0.0
évadé; 1; 0.0
toucher; 2; 0.0001
tiendra; 1; 0.0
conserver; 1; 0.0
tourmenter; 2; 0.0001
lundi; 1; 0.0
mutine; 1; 0.0
habitation; 2; 0.0001
brèche; 1; 0.0
cabanes; 1; 0.0
perdus; 1; 0.0
béante; 1; 0.0
donnent; 1; 0.0
cortège; 1; 0.0
servantes; 1; 0.0
égaye; 1; 0.0
dos; 6; 0.0003
claie; 1; 0.0
servirait; 1; 0.0
retrouvèrent; 2; 0.0001
ambitieux; 1; 0.0
rappelle; 2; 0.0001
plaise; 3; 0.0001
exclusion; 1; 0.0
osions; 1; 0.0
punir; 2; 0.0001
finit; 2; 0.0001
veines; 1; 0.0
prédiction; 2; 0.0001
clapotement; 1; 0.0
signe; 7; 0.0003
épousera; 1; 0.0
hasard; 1; 0.0
élevées; 1; 0.0
poésie; 3; 0.0001
cessât; 1; 0.0
reprenait; 3; 0.0001
jolies; 3; 0.0001
travaillerai; 1; 0.0
courroucé; 1; 0.0
grâce; 7; 0.0003
voudrais; 6; 0.0003
incomparable; 1; 0.0
dormiras; 1; 0.0
quelqu’; 2; 0.0001
escortée; 2; 0.0001
grand-merci; 1; 0.0
dérangeant; 1; 0.0
herbette; 1; 0.0
nullement; 2; 0.0001
aveugle; 1; 0.0
criant; 4; 0.0002
moitié; 3; 0.0001
char; 2; 0.0001
merveilleuses; 1; 0.0
garçon; 15; 0.0007
sabre; 1; 0.0
éducabilité; 1; 0.0
courant; 3; 0.0001
nouveau; 9; 0.0004
travailler; 4; 0.0002
soucis; 1; 0.0
dise; 6; 0.0003
lugubres; 2; 0.0001
commères; 2; 0.0001
violet; 1; 0.0
dirai; 8; 0.0004
arrange; 1; 0.0
dessus; 9; 0.0004
maltraité; 1; 0.0
présage; 1; 0.0
riches; 4; 0.0002
doit; 7; 0.0003
veillant; 1; 0.0
mouvements; 2; 0.0001
aveugles; 1; 0.0
bue; 1; 0.0
confusion; 1; 0.0
soulevé; 1; 0.0
ons; 2; 0.0001
moi; 3; 0.0001
énumérèrent; 1; 0.0
remarquables; 1; 0.0
nonnes; 1; 0.0
avançons; 2; 0.0001
adverse; 1; 0.0
remis; 1; 0.0
songe; 4; 0.0002
mat; 1; 0.0
noyer; 1; 0.0
voient; 1; 0.0
allait; 9; 0.0004
feint; 1; 0.0
faussant; 1; 0.0
jure; 1; 0.0
aider; 3; 0.0001
promettre; 3; 0.0001
sauvée; 1; 0.0
vois; 22; 0.001
voisine; 4; 0.0002
traîné; 2; 0.0001
gagnerois; 1; 0.0
état; 6; 0.0003
méritait; 1; 0.0
existé; 1; 0.0
reste; 9; 0.0004
ogre; 1; 0.0
attristé; 1; 0.0
secrète; 1; 0.0
agirais; 1; 0.0
fixé; 2; 0.0001
passâmes; 1; 0.0
sentiments; 1; 0.0
rachel; 1; 0.0
songèrent; 2; 0.0001
marié; 5; 0.0002
mène; 1; 0.0
carton; 1; 0.0
rubans; 8; 0.0004
sage; 5; 0.0002
douleur; 4; 0.0002
essuyant; 1; 0.0
irrévocable; 1; 0.0
trembler; 3; 0.0001
contresens; 1; 0.0
deviendrait; 1; 0.0
chanteloube; 3; 0.0001
distance; 3; 0.0001
partie; 15; 0.0007
doucement; 5; 0.0002
éviter; 1; 0.0
calmer; 2; 0.0001
jouant; 3; 0.0001
retournait; 1; 0.0
travaillent; 1; 0.0
inquiétez; 1; 0.0
planer; 1; 0.0
étrange; 3; 0.0001
rencontrait; 1; 0.0
parlerai; 1; 0.0
endommagé; 1; 0.0
devanteau; 1; 0.0
jappé; 1; 0.0
élémentaire; 2; 0.0001
musique; 4; 0.0002
joueurs; 1; 0.0
serez; 3; 0.0001
serrure; 1; 0.0
alimentée; 1; 0.0
pâles; 1; 0.0
provoque; 1; 0.0
modestie; 1; 0.0
emmènerai; 1; 0.0
unique; 2; 0.0001
déplaire; 1; 0.0
paroisses; 2; 0.0001
tôt; 2; 0.0001
charmer; 1; 0.0
réveille; 2; 0.0001
choisit; 2; 0.0001
engage; 1; 0.0
emparant; 1; 0.0
pleurée; 1; 0.0
malice; 1; 0.0
ferai; 4; 0.0002
travers; 9; 0.0004
dedans; 2; 0.0001
qualifications; 1; 0.0
mère; 58; 0.0027
écoutez; 2; 0.0001
écouta; 1; 0.0
filles; 14; 0.0007
pierres; 4; 0.0002
sabbat; 1; 0.0
ressembler; 3; 0.0001
impôt; 1; 0.0
laverai; 1; 0.0
sombre; 2; 0.0001
soucieux; 1; 0.0
arbres; 6; 0.0003
régler; 1; 0.0
mettrez; 1; 0.0
sac; 7; 0.0003
violences; 1; 0.0
souffrait; 1; 0.0
embarquer; 1; 0.0
manger; 11; 0.0005
agitait; 1; 0.0
venais; 2; 0.0001
rêves; 1; 0.0
matrimoniale; 1; 0.0
commission; 1; 0.0
cède; 1; 0.0
mêmes; 2; 0.0001
sautait; 1; 0.0
plaît; 1; 0.0
recherche; 2; 0.0001
volontairement; 1; 0.0
émotion; 1; 0.0
concertèrent; 1; 0.0
baptême; 1; 0.0
bonjour; 3; 0.0001
capricieuses; 1; 0.0
sympathique; 1; 0.0
discernement; 1; 0.0
baissa; 2; 0.0001
plis; 1; 0.0
effraye; 1; 0.0
champ; 5; 0.0002
pied; 9; 0.0004
reins; 2; 0.0001
porche; 2; 0.0001
arrêtons; 1; 0.0
terreur; 1; 0.0
laissant; 2; 0.0001
donnera; 1; 0.0
mécontent; 1; 0.0
rire; 4; 0.0002
rauques; 1; 0.0
patriarcales; 1; 0.0
autre; 50; 0.0024
marcher; 5; 0.0002
tout; 119; 0.0056
partis; 2; 0.0001
descente; 1; 0.0
battant; 1; 0.0
landes; 1; 0.0
regardant; 1; 0.0
tienne; 2; 0.0001
coucha; 1; 0.0
puissantes; 1; 0.0
pouvons; 5; 0.0002
intéressée; 1; 0.0
vit; 9; 0.0004
conduise; 2; 0.0001
encore; 75; 0.0035
prédilection; 1; 0.0
arrivera; 1; 0.0
nomme; 1; 0.0
logis; 4; 0.0002
exorcismes; 1; 0.0
frottait; 1; 0.0
verte; 1; 0.0
pleurer; 13; 0.0006
pelletées; 1; 0.0
humbles; 1; 0.0
tyran; 1; 0.0
bonté; 2; 0.0001
bière; 1; 0.0
souliers; 1; 0.0
serait; 23; 0.0011
diras; 2; 0.0001
cherche; 5; 0.0002
chasteté; 2; 0.0001
dort; 3; 0.0001
couvrant; 2; 0.0001
tâtons; 1; 0.0
achever; 2; 0.0001
sais; 22; 0.001
interrompu; 1; 0.0
garnement; 2; 0.0001
recommencer; 2; 0.0001
pardon; 6; 0.0003
côte; 1; 0.0
enlaidisse; 1; 0.0
mettaient; 1; 0.0
penserait; 1; 0.0
chevelures; 1; 0.0
ayant; 3; 0.0001
décharnés; 3; 0.0001
féconder; 1; 0.0
convaincre; 1; 0.0
recevrait; 1; 0.0
affront; 1; 0.0
belles; 2; 0.0001
débauches; 1; 0.0
bœufs; 20; 0.0009
introduire; 1; 0.0
inquiétude; 3; 0.0001
venue; 7; 0.0003
invitations; 2; 0.0001
jambes; 5; 0.0002
rangent; 1; 0.0
entonnait; 1; 0.0
descendait; 1; 0.0
étouffe; 1; 0.0
meilleurs; 1; 0.0
défendait; 1; 0.0
présente; 3; 0.0001
regarde; 7; 0.0003
xii; 1; 0.0
filets; 1; 0.0
soient; 3; 0.0001
automne; 3; 0.0001
entourant; 2; 0.0001
souciait; 2; 0.0001
beau; 32; 0.0015
débauché; 1; 0.0
proposa; 1; 0.0
—; 16; 0.0008
oubliée; 1; 0.0
sérieusement; 1; 0.0
souffrir; 5; 0.0002
future; 2; 0.0001
transformés; 1; 0.0
lignes; 3; 0.0001
ravissements; 1; 0.0
flétri; 1; 0.0
destruction; 1; 0.0
étoile; 2; 0.0001
sceau; 1; 0.0
réalité; 1; 0.0
convenir; 2; 0.0001
revienne; 1; 0.0
loups; 3; 0.0001
étaient; 22; 0.001
terme; 1; 0.0
devant; 1; 0.0
intellectuel; 1; 0.0
seules; 1; 0.0
sein; 7; 0.0003
étonnant; 1; 0.0
restera; 1; 0.0
soumettre; 2; 0.0001
laid; 1; 0.0
modérément; 1; 0.0
parabole; 1; 0.0
jurerais; 1; 0.0
pendu; 1; 0.0
paraissais; 1; 0.0
déjeuné; 1; 0.0
suave; 1; 0.0
thème; 2; 0.0001
voir; 45; 0.0021
reprirent; 1; 0.0
certaine; 1; 0.0
gaies; 1; 0.0
ruelle; 1; 0.0
victorieux; 1; 0.0
rapporté; 1; 0.0
sentiment; 8; 0.0004
honnêteté; 2; 0.0001
pouvant; 1; 0.0
habillement; 1; 0.0
celle-ci; 1; 0.0
aviez; 6; 0.0003
forcer; 2; 0.0001
écoute; 3; 0.0001
herculéenne; 1; 0.0
met; 2; 0.0001
examiner; 2; 0.0001
saint; 1; 0.0
expliquant; 1; 0.0
savais; 5; 0.0002
littérature; 3; 0.0001
feuilles; 1; 0.0
couleurs; 3; 0.0001
bandit; 1; 0.0
réputée; 1; 0.0
xiv.la; 1; 0.0
saura; 1; 0.0
abruti; 2; 0.0001
vus; 2; 0.0001
famille; 21; 0.001
iv; 1; 0.0
yeux; 35; 0.0017
acheté; 1; 0.0
nappe; 1; 0.0
devenir; 2; 0.0001
montant; 1; 0.0
pâturage; 2; 0.0001
croira; 1; 0.0
perdit; 2; 0.0001
ne; 813; 0.0384
plaintifs; 1; 0.0
coquetterie; 1; 0.0
gibier; 9; 0.0004
sainte-solange; 3; 0.0001
questionna; 1; 0.0
conservait; 2; 0.0001
moquer; 1; 0.0
séparèrent; 1; 0.0
résultat; 2; 0.0001
attachent; 1; 0.0
adhésion; 1; 0.0
ébréchée; 1; 0.0
métayer; 1; 0.0
bientôt; 13; 0.0006
ramène; 2; 0.0001
déplorables; 1; 0.0
amitiés; 1; 0.0
rendent; 1; 0.0
bouteilles; 1; 0.0
quitterait; 1; 0.0
coiffé; 1; 0.0
blanche; 4; 0.0002
tristes; 1; 0.0
embarrasse; 2; 0.0001
beau-père; 15; 0.0007
plaçait; 1; 0.0
introduit; 2; 0.0001
battus; 1; 0.0
joyeusement; 1; 0.0
matrones; 8; 0.0004
lourd; 2; 0.0001
empara; 2; 0.0001
violentes; 1; 0.0
peux; 12; 0.0006
produisirent; 2; 0.0001
vouloir; 4; 0.0002
priape; 1; 0.0
chênes; 6; 0.0003
prés; 2; 0.0001
rabattues; 1; 0.0
cultivateur; 1; 0.0
mécontentements; 1; 0.0
rectiligne; 1; 0.0
passât; 1; 0.0
pouvais; 2; 0.0001
sortant; 3; 0.0001
âge; 24; 0.0011
année; 15; 0.0007
sillons; 2; 0.0001
arrivait; 2; 0.0001
volets; 1; 0.0
poussaient; 3; 0.0001
superbes; 4; 0.0002
évêque; 1; 0.0
bruit; 9; 0.0004
demandé; 4; 0.0002
flamber; 1; 0.0
genêts; 2; 0.0001
syllabes; 1; 0.0
répéter; 4; 0.0002
aimerais; 10; 0.0005
prophétesses; 1; 0.0
gagne; 2; 0.0001
essai; 1; 0.0
perce; 1; 0.0
malheureux; 6; 0.0003
inquiètent; 1; 0.0
contenue; 1; 0.0
dissipa; 1; 0.0
fidèlement; 1; 0.0
chimères; 1; 0.0
sauvages; 2; 0.0001
montée; 1; 0.0
vivre; 7; 0.0003
impertinent; 1; 0.0
passionnée; 1; 0.0
criait; 2; 0.0001
énorme; 1; 0.0
attacha; 1; 0.0
vite; 15; 0.0007
monta; 1; 0.0
épingles; 1; 0.0
tremblée; 1; 0.0
gars; 2; 0.0001
trébuchants; 1; 0.0
propre; 7; 0.0003
sec; 2; 0.0001
neuf; 3; 0.0001
arrêtant; 1; 0.0
contenterez; 1; 0.0
clairières; 1; 0.0
agité; 1; 0.0
jouissances; 4; 0.0002
sûre; 4; 0.0002
roule; 1; 0.0
compagnes; 4; 0.0002
perdions; 1; 0.0
brusque; 1; 0.0
mettant; 1; 0.0
grand-père; 1; 0.0
réussissez; 1; 0.0
exercice; 2; 0.0001
épousée; 1; 0.0
reçus; 1; 0.0
juger; 1; 0.0
traiteriez; 1; 0.0
apprête; 1; 0.0
descendant; 2; 0.0001
trouvant; 3; 0.0001
promener; 1; 0.0
oiseaux; 1; 0.0
mal; 22; 0.001
paysans; 10; 0.0005
solennité; 1; 0.0
dévoué; 1; 0.0
plaignit; 1; 0.0
taperais; 1; 0.0
tué; 2; 0.0001
regardé; 1; 0.0
foudroyée; 1; 0.0
trouveraient; 1; 0.0
compagnon; 2; 0.0001
facile; 2; 0.0001
élevé; 2; 0.0001
xvila; 1; 0.0
sauras; 1; 0.0
méchant; 3; 0.0001
acheva; 1; 0.0
habituée; 3; 0.0001
convenue; 1; 0.0
lazare; 3; 0.0001
vaguement; 1; 0.0
obliger; 2; 0.0001
gagnant; 1; 0.0
recommence; 1; 0.0
infaillible; 1; 0.0
serons; 1; 0.0
barbeau; 1; 0.0
petit-pierre; 19; 0.0009
proposais; 1; 0.0
bande; 5; 0.0002
saurait; 1; 0.0
fausset; 1; 0.0
splendide; 1; 0.0
grinçant; 1; 0.0
amies; 3; 0.0001
agneau; 3; 0.0001
question; 3; 0.0001
fer; 5; 0.0002
diable; 7; 0.0003
mode; 3; 0.0001
sabotier; 1; 0.0
rencontrée; 1; 0.0
étend; 1; 0.0
dignité; 1; 0.0
viendrez; 1; 0.0
coup; 16; 0.0008
contenant; 1; 0.0
aient; 2; 0.0001
accoutré; 1; 0.0
suaires; 1; 0.0
plaies; 1; 0.0
le; 3; 0.0001
délinquante; 1; 0.0
également; 1; 0.0
fera; 9; 0.0004
airs; 2; 0.0001
complet; 1; 0.0
haie; 1; 0.0
principale; 1; 0.0
montrant; 3; 0.0001
banc; 2; 0.0001
rappelé; 1; 0.0
finale; 1; 0.0
oiseuses; 1; 0.0
endormir; 1; 0.0
vivat; 1; 0.0
ici; 27; 0.0013
apprenne; 1; 0.0
emporter; 1; 0.0
grand-pitié; 1; 0.0
arcs; 1; 0.0
redire; 1; 0.0
copieux; 2; 0.0001
souvenez; 1; 0.0
insolent; 2; 0.0001
aumône; 2; 0.0001
appel; 1; 0.0
paraisse; 2; 0.0001
absolument; 3; 0.0001
brun; 2; 0.0001
efforçaient; 1; 0.0
quittèrent; 2; 0.0001
nature; 8; 0.0004
simulachres; 1; 0.0
marqué; 1; 0.0
possédant; 1; 0.0
coupe; 1; 0.0
faim; 15; 0.0007
bel; 4; 0.0002
pensais; 3; 0.0001
clignant; 1; 0.0
ramenait; 1; 0.0
resté; 3; 0.0001
religieuses; 1; 0.0
couplet; 2; 0.0001
mesure; 3; 0.0001
vermeille; 1; 0.0
rêverie; 3; 0.0001
fraîchement; 2; 0.0001
précisément; 1; 0.0
beugler; 1; 0.0
ferveur; 1; 0.0
demi-lieue; 2; 0.0001
grive; 1; 0.0
pourrait; 9; 0.0004
i.les; 1; 0.0
dues; 1; 0.0
dirait; 3; 0.0001
revu; 1; 0.0
empire; 1; 0.0
sommet; 1; 0.0
échanson; 1; 0.0
fermés; 1; 0.0
jeu; 4; 0.0002
disposés; 1; 0.0
provoquer; 1; 0.0
semant; 2; 0.0001
suaire; 1; 0.0
couvertes; 2; 0.0001
déplais; 2; 0.0001
résultats; 1; 0.0
claires; 1; 0.0
racines; 1; 0.0
brise; 2; 0.0001
pleurerais; 1; 0.0
premier; 4; 0.0002
maladroit; 1; 0.0
racontant; 1; 0.0
infirme; 1; 0.0
pourrez; 1; 0.0
vingt; 7; 0.0003
dernier; 6; 0.0003
sévérité; 1; 0.0
triste; 14; 0.0007
lourde; 2; 0.0001
grand-route; 1; 0.0
pain; 9; 0.0004
scène; 4; 0.0002
rênes; 2; 0.0001
rôti; 4; 0.0002
entretenait; 1; 0.0
broussailles; 2; 0.0001
décidez; 1; 0.0
paysannes; 1; 0.0
graves; 1; 0.0
jeunes; 17; 0.0008
savions; 1; 0.0
usitées; 1; 0.0
sauve; 1; 0.0
jette; 1; 0.0
horriblement; 1; 0.0
conduira; 1; 0.0
deuil; 2; 0.0001
passages; 1; 0.0
domaine; 4; 0.0002
porterai; 1; 0.0
nez; 5; 0.0002
hauteur; 4; 0.0002
chauffe-toi; 1; 0.0
prêts; 2; 0.0001
brèches; 1; 0.0
pu; 13; 0.0006
godard; 1; 0.0
abus; 1; 0.0
chaste; 1; 0.0
faisiez; 2; 0.0001
affreuse; 2; 0.0001
oisif; 1; 0.0
durent; 1; 0.0
intuition; 1; 0.0
bâtine; 4; 0.0002
éclats; 2; 0.0001
touffe; 2; 0.0001
renseignements; 1; 0.0
aimais; 1; 0.0
hésiter; 1; 0.0
épuisé; 1; 0.0
premières; 2; 0.0001
environ; 1; 0.0
douze; 1; 0.0
affecte; 2; 0.0001
cependant; 10; 0.0005
assaut; 2; 0.0001
honnête; 6; 0.0003
ôte; 1; 0.0
apprends; 1; 0.0
français; 3; 0.0001
faut; 61; 0.0029
sociaux; 1; 0.0
élever; 3; 0.0001
inconduite; 1; 0.0
effroyable; 2; 0.0001
idéale; 1; 0.0
soutient; 1; 0.0
eu; 19; 0.0009
essentiellement; 1; 0.0
inquiètes; 1; 0.0
incident; 1; 0.0
conduis; 1; 0.0
niveau; 1; 0.0
découragé; 1; 0.0
jusque; 1; 0.0
occuper; 5; 0.0002
obstiner; 1; 0.0
écriait; 1; 0.0
avisons; 1; 0.0
belair; 7; 0.0003
conduisant; 1; 0.0
touchants; 1; 0.0
fosse; 4; 0.0002
clairet; 1; 0.0
george; 1; 0.0
avaient; 17; 0.0008
signalement; 1; 0.0
animaux; 9; 0.0004
génie; 1; 0.0
grand-chose; 1; 0.0
ingambe; 1; 0.0
insuffisante; 1; 0.0
verse; 1; 0.0
admirait; 1; 0.0
museau; 1; 0.0
joue; 1; 0.0
trémoussant; 1; 0.0
verrez; 4; 0.0002
trace; 1; 0.0
salutaire; 1; 0.0
causé; 1; 0.0
adonné; 1; 0.0
cuites; 2; 0.0001
hurlent; 1; 0.0
dénier; 1; 0.0
forcé; 4; 0.0002
attendais; 1; 0.0
classique; 1; 0.0
conseillé; 2; 0.0001
doive; 1; 0.0
herbe; 1; 0.0
transir; 1; 0.0
compris; 4; 0.0002
particulière; 2; 0.0001
demandais; 2; 0.0001
montagne; 2; 0.0001
logée; 1; 0.0
chanson; 3; 0.0001
virent; 1; 0.0
boules; 1; 0.0
consumer; 1; 0.0
danses; 1; 0.0
trottaient; 1; 0.0
révolter; 1; 0.0
quittât; 1; 0.0
retrouva; 1; 0.0
occupée; 2; 0.0001
fentes; 1; 0.0
sut; 3; 0.0001
suffit; 1; 0.0
tomber; 4; 0.0002
courait; 2; 0.0001
jardins; 1; 0.0
nouvel; 1; 0.0
peint; 1; 0.0
laborieux; 2; 0.0001
pouvions; 2; 0.0001
honteuse; 3; 0.0001
prière; 5; 0.0002
grosse; 2; 0.0001
permette; 1; 0.0
chantaient; 1; 0.0
seul; 13; 0.0006
camp; 1; 0.0
françoise; 1; 0.0
recommanda; 1; 0.0
reflets; 1; 0.0
bât; 6; 0.0003
coiffe; 2; 0.0001
aimions; 1; 0.0
trouvez; 1; 0.0
brume; 1; 0.0
buisson; 4; 0.0002
tige; 1; 0.0
écarter; 2; 0.0001
souviennes; 1; 0.0
athlète; 1; 0.0
agitations; 1; 0.0
barbes; 1; 0.0
égayé; 2; 0.0001
posséder; 1; 0.0
abandonner; 2; 0.0001
xi.à; 1; 0.0
seize; 4; 0.0002
oreilles; 2; 0.0001
tourné; 2; 0.0001
cornettes; 4; 0.0002
abandonne; 1; 0.0
secours; 1; 0.0
jusque-là; 1; 0.0
mimique; 1; 0.0
morceau; 2; 0.0001
jeune; 53; 0.0025
bouquets; 1; 0.0
roulera; 1; 0.0
changer; 2; 0.0001
avancé; 1; 0.0
roman; 3; 0.0001
remplissent; 1; 0.0
meillant; 1; 0.0
soie; 2; 0.0001
part; 16; 0.0008
racine; 1; 0.0
tombes; 1; 0.0
sèches; 1; 0.0
érudit; 1; 0.0
sentant; 2; 0.0001
pâtour; 1; 0.0
saisit; 1; 0.0
piteuse; 1; 0.0
enseignement; 1; 0.0
bien-être; 2; 0.0001
péché; 1; 0.0
nu; 1; 0.0
bénédiction; 2; 0.0001
enfin; 38; 0.0018
œuvre; 4; 0.0002
sépulture; 1; 0.0
souple; 1; 0.0
rentrer; 4; 0.0002
dure; 1; 0.0
monte; 2; 0.0001
pavé; 2; 0.0001
vivons; 2; 0.0001
aise; 3; 0.0001
heureuse; 3; 0.0001
partant; 3; 0.0001
pailloux; 1; 0.0
boiriez; 1; 0.0
sœur; 5; 0.0002
chagrins; 2; 0.0001
fortes; 2; 0.0001
prononcer; 1; 0.0
extrémité; 1; 0.0
pris; 13; 0.0006
réputé; 2; 0.0001
gens; 29; 0.0014
foire; 4; 0.0002
pervers; 1; 0.0
enfermées; 1; 0.0
flanc; 1; 0.0
préparait; 1; 0.0
langue; 5; 0.0002
labourer; 2; 0.0001
travailleur; 1; 0.0
justifier; 1; 0.0
apparemment; 2; 0.0001
fossoyeur; 28; 0.0013
ovation; 1; 0.0
plaignait; 1; 0.0
réussi; 1; 0.0
assertions; 1; 0.0
envoyer; 3; 0.0001
sylvain; 3; 0.0001
frappé; 4; 0.0002
sorti; 1; 0.0
hier; 1; 0.0
but; 4; 0.0002
tordu; 1; 0.0
or; 5; 0.0002
herbes; 3; 0.0001
doigt; 4; 0.0002
labeur; 3; 0.0001
coiffure; 3; 0.0001
besogne; 2; 0.0001
oncques; 1; 0.0
honneur; 3; 0.0001
accès; 3; 0.0001
artistes; 4; 0.0002
tentaient; 1; 0.0
lutiner; 1; 0.0
regardes; 1; 0.0
ondulés; 1; 0.0
parallèle; 1; 0.0
mortifié; 1; 0.0
christianisme; 3; 0.0001
dîner; 4; 0.0002
peuvent; 4; 0.0002
désirs; 1; 0.0
cent; 6; 0.0003
répertoire; 1; 0.0
jardinier; 3; 0.0001
lièvre; 2; 0.0001
traquée; 1; 0.0
réveiller; 3; 0.0001
apporteront; 1; 0.0
épaisse; 1; 0.0
songeant; 1; 0.0
babiller; 1; 0.0
heures; 16; 0.0008
charrues; 1; 0.0
fable; 1; 0.0
commence; 4; 0.0002
aplati; 1; 0.0
rare; 1; 0.0
honnêtement; 1; 0.0
appuya; 1; 0.0
lionne; 2; 0.0001
cimetière; 4; 0.0002
ri; 1; 0.0
persuader; 4; 0.0002
bouffons; 1; 0.0
foule; 2; 0.0001
montrait; 3; 0.0001
bouvier; 6; 0.0003
boudait; 1; 0.0
maîtresse; 1; 0.0
botte; 1; 0.0
trente; 3; 0.0001
profondes; 2; 0.0001
gouvernait; 2; 0.0001
personnes; 5; 0.0002
grotesque; 1; 0.0
dura; 2; 0.0001
saute; 1; 0.0
comédie; 4; 0.0002
dépense; 4; 0.0002
formalités; 2; 0.0001
respirer; 1; 0.0
sorcier; 1; 0.0
sombres; 1; 0.0
maigre; 2; 0.0001
abandonnée; 1; 0.0
comporte; 1; 0.0
enivrer; 1; 0.0
furent; 2; 0.0001
aimez; 3; 0.0001
entreprendre; 1; 0.0
vidait; 1; 0.0
arrachée; 1; 0.0
arrachons; 1; 0.0
écrasé; 2; 0.0001
attraperas; 1; 0.0
enferges; 1; 0.0
conduisait; 1; 0.0
ment; 1; 0.0
commençât; 1; 0.0
trinqué; 1; 0.0
aisance; 1; 0.0
paternel; 1; 0.0
forte; 4; 0.0002
portent; 2; 0.0001
retourne; 4; 0.0002
soins; 2; 0.0001
fait; 87; 0.0041
clarté; 2; 0.0001
église; 6; 0.0003
intérêt; 2; 0.0001
fatal; 1; 0.0
curé; 2; 0.0001
résumer; 1; 0.0
renaissance; 4; 0.0002
jettent; 1; 0.0
traces; 2; 0.0001
baissant; 1; 0.0
perruquier; 1; 0.0
mit; 17; 0.0008
spectre; 2; 0.0001
bec; 1; 0.0
saint-jean-baptiste; 1; 0.0
refus; 3; 0.0001
remue; 1; 0.0
devanciers; 1; 0.0
égarée; 1; 0.0
fouet; 3; 0.0001
fuite; 1; 0.0
savent; 2; 0.0001
théoriciens; 1; 0.0
ange; 5; 0.0002
rester; 10; 0.0005
jetèrent; 1; 0.0
emmenant; 1; 0.0
habituent; 1; 0.0
ennuierai; 1; 0.0
précédant; 1; 0.0
peuplier; 1; 0.0
pays; 18; 0.0009
dressant; 1; 0.0
guide; 1; 0.0
voilées; 1; 0.0
connaissez; 2; 0.0001
passer; 14; 0.0007
forge; 1; 0.0
éprouve; 1; 0.0
callot; 1; 0.0
iront; 1; 0.0
morceaux; 2; 0.0001
supposerait; 1; 0.0
renfermés; 1; 0.0
printemps; 1; 0.0
joues; 2; 0.0001
piques; 1; 0.0
sauté; 1; 0.0
dit; 165; 0.0078
obéissance; 1; 0.0
témoignage; 1; 0.0
laborieuses; 1; 0.0
difficulté; 1; 0.0
pièces; 3; 0.0001
croyait; 3; 0.0001
quant; 4; 0.0002
plaisanta; 1; 0.0
habitait; 1; 0.0
verre; 1; 0.0
calez; 1; 0.0
diseur; 1; 0.0
attendri; 2; 0.0001
perruque; 1; 0.0
égale; 2; 0.0001
ainsi; 32; 0.0015
remarqua; 1; 0.0
songent; 1; 0.0
inconnue; 2; 0.0001
dorment; 1; 0.0
réjouie; 1; 0.0
seconde; 1; 0.0
mie; 2; 0.0001
alliance; 1; 0.0
gagner; 2; 0.0001
avenue; 2; 0.0001
rapidement; 1; 0.0
aidiez; 1; 0.0
gué; 1; 0.0
prairie; 5; 0.0002
ivrognes; 1; 0.0
liaisons; 1; 0.0
xvi.la; 1; 0.0
clocher; 1; 0.0
souverains; 1; 0.0
six; 7; 0.0003
époques; 1; 0.0
montrerons; 1; 0.0
quarante; 2; 0.0001
chassé; 1; 0.0
fou; 6; 0.0003
rôle; 5; 0.0002
ferez; 1; 0.0
causez; 1; 0.0
surnuméraire; 1; 0.0
épaissit; 1; 0.0
salve; 1; 0.0
montera; 1; 0.0
racontée; 1; 0.0
surprise; 3; 0.0001
piquant; 1; 0.0
xvii; 1; 0.0
prenais; 1; 0.0
brande; 2; 0.0001
tournons; 1; 0.0
mystérieux; 2; 0.0001
emmené; 1; 0.0
veillerai; 1; 0.0
profitent; 2; 0.0001
apologue; 1; 0.0
ensemble; 13; 0.0006
rendus; 1; 0.0
satisfaction; 1; 0.0
chagrine; 1; 0.0
double; 2; 0.0001
disputer; 2; 0.0001
mangeaient; 1; 0.0
travaillant; 3; 0.0001
entends; 7; 0.0003
pommeau; 1; 0.0
abandonné; 1; 0.0
babillaient; 1; 0.0
bondissaient; 1; 0.0
avant-propos; 1; 0.0
rebondi; 1; 0.0
arrosé; 1; 0.0
allumer; 3; 0.0001
premiers; 4; 0.0002
presser; 1; 0.0
retour; 5; 0.0002
terres; 3; 0.0001
maintenu; 1; 0.0
sensible; 2; 0.0001
lait; 1; 0.0
gouverné; 1; 0.0
tragique; 1; 0.0
sacs; 2; 0.0001
tâche; 5; 0.0002
ruse; 1; 0.0
conduite; 5; 0.0002
rengorgeant; 1; 0.0
humaine; 1; 0.0
éprouva; 1; 0.0
locution; 1; 0.0
larges; 1; 0.0
borgne; 2; 0.0001
nuptial; 1; 0.0
folie; 2; 0.0001
portée; 3; 0.0001
perdues; 1; 0.0
granges; 1; 0.0
effroi; 2; 0.0001
haut; 9; 0.0004
ayez; 7; 0.0003
portez; 1; 0.0
celtiques; 1; 0.0
houx; 2; 0.0001
pastoures; 1; 0.0
proportion; 1; 0.0
privations; 1; 0.0
vert; 2; 0.0001
succomber; 1; 0.0
semondre; 1; 0.0
exclamations; 1; 0.0
exemple; 5; 0.0002
crois; 14; 0.0007
prendrait; 1; 0.0
prenait; 1; 0.0
jeun; 2; 0.0001
quoi; 2; 0.0001
apercevoir; 2; 0.0001
souci; 1; 0.0
choisie; 1; 0.0
ramassé; 1; 0.0
queue; 2; 0.0001
peine; 34; 0.0016
dégagea; 2; 0.0001
demandent; 1; 0.0
argent; 7; 0.0003
nourrir; 2; 0.0001
moral; 1; 0.0
cornemuseux; 1; 0.0
imprime; 1; 0.0
accidents; 3; 0.0001
frappa; 2; 0.0001
viennent; 2; 0.0001
charbon; 1; 0.0
battaison; 1; 0.0
commencé; 2; 0.0001
allumé; 2; 0.0001
bienfaits; 1; 0.0
dernière; 7; 0.0003
retrouvait; 1; 0.0
veille; 4; 0.0002
désigner; 1; 0.0
rejoint; 1; 0.0
poivre; 1; 0.0
xvle; 1; 0.0
coquettes; 1; 0.0
ferais; 9; 0.0004
bouquet; 1; 0.0
vêtue; 3; 0.0001
raisons; 9; 0.0004
tableaux; 1; 0.0
lendemain; 3; 0.0001
y; 2; 0.0001
parût; 2; 0.0001
arc; 1; 0.0
disent; 5; 0.0002
soc; 2; 0.0001
dictait; 1; 0.0
remplir; 2; 0.0001
auprès; 13; 0.0006
temple; 1; 0.0
singulier; 1; 0.0
oie; 3; 0.0001
discrète; 1; 0.0
surtout; 10; 0.0005
avril; 3; 0.0001
jetés; 1; 0.0
débattait; 1; 0.0
arpenteurs; 1; 0.0
épaule; 3; 0.0001
vous; 5; 0.0002
rouler; 1; 0.0
philosophie; 1; 0.0
feras; 2; 0.0001
inquiets; 1; 0.0
fourré; 1; 0.0
pourtant; 27; 0.0013
aie; 2; 0.0001
régions; 2; 0.0001
ménage; 4; 0.0002
affliger; 1; 0.0
patriarches; 1; 0.0
admît; 1; 0.0
orphelins; 1; 0.0
intitulent; 1; 0.0
blâmer; 1; 0.0
veut; 15; 0.0007
pieuse; 1; 0.0
ii; 1; 0.0
lits; 1; 0.0
êtres; 2; 0.0001
effacées; 1; 0.0
personne; 20; 0.0009
hautes; 1; 0.0
nés; 1; 0.0
amie; 1; 0.0
blessée; 1; 0.0
paire; 5; 0.0002
formaient; 1; 0.0
troisième; 4; 0.0002
dormez; 1; 0.0
située; 1; 0.0
représentent; 2; 0.0001
fleuris; 1; 0.0
vingt-huit; 4; 0.0002
encouragé; 1; 0.0
naissante; 1; 0.0
spectateurs; 1; 0.0
former; 1; 0.0
marécages; 1; 0.0
galoper; 1; 0.0
souhaiter; 2; 0.0001
flottants; 1; 0.0
semées; 1; 0.0
dispose; 1; 0.0
parodie; 1; 0.0
remettre; 4; 0.0002
contemplation; 1; 0.0
genoux; 10; 0.0005
indienne; 2; 0.0001
respiration; 1; 0.0
épouserait; 1; 0.0
improvisée; 1; 0.0
cerveau; 2; 0.0001
imagination; 2; 0.0001
fumait; 1; 0.0
épines; 1; 0.0
sommes; 19; 0.0009
baigné; 1; 0.0
centre; 1; 0.0
succès; 2; 0.0001
profonde; 5; 0.0002
calme; 3; 0.0001
oh; 6; 0.0003
parles; 3; 0.0001
compère; 1; 0.0
corde; 5; 0.0002
bourse; 1; 0.0
fiancé; 7; 0.0003
appelant; 4; 0.0002
cherchée; 1; 0.0
ramenée; 1; 0.0
égayer; 1; 0.0
sages; 1; 0.0
éleva; 1; 0.0
songes; 1; 0.0
union; 1; 0.0
réfléchit; 1; 0.0
échanger; 1; 0.0
fièvre; 2; 0.0001
soleil; 6; 0.0003
marguerite; 1; 0.0
efforçait; 1; 0.0
déjà; 22; 0.001
mettrais; 1; 0.0
gros; 9; 0.0004
réjouisse; 2; 0.0001
seigneur; 1; 0.0
produire; 2; 0.0001
soigne; 1; 0.0
germe; 1; 0.0
silence; 6; 0.0003
bonhomme; 2; 0.0001
différents; 1; 0.0
xiii.le; 1; 0.0
mine; 5; 0.0002
planté; 1; 0.0
railleurs; 1; 0.0
curiosité; 1; 0.0
ferma; 4; 0.0002
amants; 1; 0.0
sang; 2; 0.0001
exclusif; 1; 0.0
triomphante; 1; 0.0
laborieuse; 2; 0.0001
prières; 1; 0.0
dépouiller; 1; 0.0
ouvrit; 3; 0.0001
arrive; 9; 0.0004
porcs; 1; 0.0
attendait; 1; 0.0
embellir; 1; 0.0
joviale; 1; 0.0
issues; 2; 0.0001
efforça; 1; 0.0
dormir; 7; 0.0003
commencement; 3; 0.0001
fermier; 20; 0.0009
trempé; 1; 0.0
coin; 5; 0.0002
indécente; 1; 0.0
êtes; 33; 0.0016
toucheur; 1; 0.0
reviendras; 1; 0.0
prendre; 19; 0.0009
écoutes; 1; 0.0
très; 15; 0.0007
convertir; 2; 0.0001
gentille; 2; 0.0001
pensive; 4; 0.0002
affublé; 1; 0.0
allure; 1; 0.0
courageuse; 2; 0.0001
modifièrent; 1; 0.0
consistait; 1; 0.0
jeter; 4; 0.0002
finirai; 1; 0.0
couraient; 1; 0.0
dommage; 1; 0.0
luttant; 2; 0.0001
mienne; 1; 0.0
brouiller; 1; 0.0
particulièrement; 2; 0.0001
donc; 65; 0.0031
harmonie; 3; 0.0001
semer; 1; 0.0
préceptes; 1; 0.0
peintres; 1; 0.0
remplacer; 4; 0.0002
derniers; 2; 0.0001
cherché; 1; 0.0
devoir; 4; 0.0002
déclaré; 1; 0.0
fussent; 1; 0.0
peindrons; 1; 0.0
louée; 1; 0.0
joyeux; 3; 0.0001
rhume; 1; 0.0
elle; 12; 0.0006
animés; 1; 0.0
instants; 3; 0.0001
aujourd’hui; 17; 0.0008
anciens; 5; 0.0002
verrais; 1; 0.0
déclare; 1; 0.0
dédommagement; 1; 0.0
»; 2; 0.0001
barricader; 1; 0.0
chevreau; 1; 0.0
plaisez; 1; 0.0
déguiser; 1; 0.0
charmes; 2; 0.0001
affectés; 1; 0.0
cheval; 23; 0.0011
vivement; 1; 0.0
capable; 1; 0.0
procès; 1; 0.0
été; 37; 0.0017
rapport; 1; 0.0
lune; 7; 0.0003
nue; 1; 0.0
planait; 1; 0.0
flancs; 2; 0.0001
cendre; 1; 0.0
nettoie; 1; 0.0
osait; 2; 0.0001
mariage; 17; 0.0008
appétit; 5; 0.0002
réussir; 1; 0.0
remarier; 5; 0.0002
histoires; 2; 0.0001
mêlait; 1; 0.0
bavarde; 1; 0.0
boire; 4; 0.0002
recueille; 1; 0.0
détourne; 1; 0.0
taureau; 1; 0.0
bondissait; 1; 0.0
répugnance; 1; 0.0
parentes; 1; 0.0
somme; 3; 0.0001
toi; 41; 0.0019
composition; 2; 0.0001
fière; 2; 0.0001
aurai; 5; 0.0002
avouer; 1; 0.0
songer; 9; 0.0004
avisée; 1; 0.0
vu; 17; 0.0008
tourna; 3; 0.0001
poli; 1; 0.0
boudez; 1; 0.0
criât; 1; 0.0
fatigués; 1; 0.0
rendait; 2; 0.0001
privés; 1; 0.0
laissez; 3; 0.0001
tâchant; 1; 0.0
victorieusement; 1; 0.0
formulaire; 1; 0.0
charge; 4; 0.0002
disaient; 1; 0.0
quatorze; 1; 0.0
minuit; 3; 0.0001
position; 1; 0.0
châtaignes; 3; 0.0001
entrée; 9; 0.0004
mouette; 1; 0.0
marraines; 2; 0.0001
pertuis; 1; 0.0
objet; 2; 0.0001
demi-douzaine; 1; 0.0
dessous; 5; 0.0002
dérisoirement; 1; 0.0
mousseline; 2; 0.0001
fichu; 4; 0.0002
résister; 2; 0.0001
prairies; 3; 0.0001
impétueux; 2; 0.0001
points; 1; 0.0
nomma; 1; 0.0
tradition; 2; 0.0001
titre; 1; 0.0
jardinage; 1; 0.0
pure; 1; 0.0
excès; 1; 0.0
infraction; 1; 0.0
arrêtèrent; 1; 0.0
moyen; 9; 0.0004
beauté; 6; 0.0003
seuil; 1; 0.0
sortir; 6; 0.0003
leva; 5; 0.0002
étendre; 2; 0.0001
minute; 1; 0.0
croisés; 1; 0.0
aies; 1; 0.0
osons; 1; 0.0
marge; 1; 0.0
ouvert; 2; 0.0001
épine; 1; 0.0
vente; 1; 0.0
cri; 1; 0.0
sotte; 1; 0.0
tardera; 1; 0.0
chanvre; 8; 0.0004
claquaient; 1; 0.0
repas; 3; 0.0001
chevaux; 8; 0.0004
accepter; 6; 0.0003
chanteur; 2; 0.0001
arrêt; 2; 0.0001
détacha; 1; 0.0
excellentes; 1; 0.0
atteignirent; 1; 0.0
mécontenter; 1; 0.0
mangez; 2; 0.0001
traverser; 3; 0.0001
entendions; 1; 0.0
jadis; 2; 0.0001
tirerez; 1; 0.0
coupé; 1; 0.0
détail; 2; 0.0001
puise; 1; 0.0
ivle; 1; 0.0
lieue; 1; 0.0
sourit; 3; 0.0001
lorgne; 1; 0.0
assez; 35; 0.0017
recommencent; 3; 0.0001
grues; 2; 0.0001
dire; 45; 0.0021
chaude; 1; 0.0
explications; 1; 0.0
iiile; 2; 0.0001
reconnaître; 1; 0.0
contentement; 2; 0.0001
tournoyer; 1; 0.0
irruption; 1; 0.0
attaché; 1; 0.0
chien; 1; 0.0
animal; 1; 0.0
pluies; 2; 0.0001
angélique; 1; 0.0
vainement; 1; 0.0
craque; 1; 0.0
pose; 1; 0.0
équipage; 1; 0.0
entraîner; 1; 0.0
longueur; 2; 0.0001
traversé; 1; 0.0
élégant; 1; 0.0
touraine; 2; 0.0001
gaule; 1; 0.0
prochaine; 3; 0.0001
appelez; 1; 0.0
froid; 9; 0.0004
notice; 1; 0.0
ciel; 8; 0.0004
païennes; 1; 0.0
limpide; 1; 0.0
beaucoup; 26; 0.0012
nasillaient; 1; 0.0
engraisser; 1; 0.0
obtenu; 1; 0.0
traçant; 1; 0.0
devenue; 2; 0.0001
beau-frère; 2; 0.0001
confiant; 2; 0.0001
parfait; 1; 0.0
chère; 6; 0.0003
attends; 1; 0.0
ombre; 2; 0.0001
manœuvre; 1; 0.0
agréable; 1; 0.0
fatiguer; 2; 0.0001
civière; 2; 0.0001
camarades; 1; 0.0
offrit; 1; 0.0
règle; 1; 0.0
emportent; 1; 0.0
salut; 1; 0.0
intonations; 1; 0.0
mers; 2; 0.0001
délia; 1; 0.0
milieu; 12; 0.0006
arranger; 2; 0.0001
taureaux; 2; 0.0001
passent; 2; 0.0001
injustice; 1; 0.0
alouette; 1; 0.0
dégradé; 1; 0.0
manquera; 1; 0.0
roulait; 1; 0.0
tristement; 1; 0.0
consentement; 1; 0.0
chauffé; 1; 0.0
nous; 1; 0.0
désirais; 1; 0.0
coutume; 6; 0.0003
eus; 3; 0.0001
humain; 2; 0.0001
gendre; 5; 0.0002
haleine; 4; 0.0002
immémorial; 1; 0.0
près; 8; 0.0004
devoirs; 1; 0.0
fût; 12; 0.0006
bravade; 1; 0.0
paires; 1; 0.0
solennités; 1; 0.0
livrées; 8; 0.0004
amitié; 9; 0.0004
victimes; 1; 0.0
permettre; 1; 0.0
élança; 1; 0.0
poumonique; 1; 0.0
adressant; 1; 0.0
chante; 1; 0.0
dévorer; 1; 0.0
dix; 8; 0.0004
croix; 4; 0.0002
jacquerie; 1; 0.0
préparer; 1; 0.0
concert; 1; 0.0
observa; 2; 0.0001
maisons; 6; 0.0003
regrette; 2; 0.0001
deviner; 2; 0.0001
langage; 1; 0.0
demandaient; 1; 0.0
délicats; 1; 0.0
faisait; 16; 0.0008
sautant; 3; 0.0001
ingrat; 1; 0.0
inépuisable; 1; 0.0
chose; 32; 0.0015
paysages; 1; 0.0
fantastique; 1; 0.0
magnifique; 1; 0.0
viendrait; 4; 0.0002
mineurs; 1; 0.0
rivière; 5; 0.0002
paradis; 2; 0.0001
combattent; 2; 0.0001
venir; 8; 0.0004
baguette; 3; 0.0001
collé; 1; 0.0
bourgeois; 2; 0.0001
mourront; 1; 0.0
cultivez; 1; 0.0
oublié; 7; 0.0003
cachés; 1; 0.0
nudité; 1; 0.0
harnais; 1; 0.0
jolie; 8; 0.0004
réparé; 1; 0.0
repartie; 1; 0.0
activité; 1; 0.0
concevoir; 1; 0.0
rougie; 1; 0.0
ralentirent; 1; 0.0
pleine; 5; 0.0002
satisfaire; 1; 0.0
perron; 1; 0.0
nourrie; 1; 0.0
non; 41; 0.0019
conseilla; 1; 0.0
garantie; 1; 0.0
désert; 1; 0.0
tiendrait; 1; 0.0
rassurer; 1; 0.0
traversée; 1; 0.0
causer; 6; 0.0003
veulent; 4; 0.0002
réduits; 2; 0.0001
réclamer; 1; 0.0
perçante; 1; 0.0
mangeait; 3; 0.0001
m; 1; 0.0
iiles; 1; 0.0
bout; 19; 0.0009
obéit; 2; 0.0001
affamés; 1; 0.0
loger; 1; 0.0
enfonçant; 1; 0.0
certain; 4; 0.0002
reçut; 1; 0.0
science; 3; 0.0001
fasse; 3; 0.0001
devaient; 1; 0.0
jeux; 1; 0.0
choisirais; 1; 0.0
aventure; 3; 0.0001
réponse; 1; 0.0
imposée; 1; 0.0
resta; 4; 0.0002
épouser; 3; 0.0001
cabaretier; 1; 0.0
approchant; 1; 0.0
étroitement; 1; 0.0
phrase; 2; 0.0001
infidèle; 1; 0.0
diminué; 1; 0.0
mordu; 1; 0.0
peu; 74; 0.0035
lâcher; 1; 0.0
fumier; 3; 0.0001
pâlir; 1; 0.0
quadrige; 1; 0.0
oublie; 2; 0.0001
permettaient; 1; 0.0
peinture; 2; 0.0001
dieu; 28; 0.0013
grandeur; 1; 0.0
meubles; 1; 0.0
voie; 1; 0.0
simples; 3; 0.0001
rares; 2; 0.0001
anguleuses; 1; 0.0
esquiva; 3; 0.0001
plumes; 1; 0.0
finisses; 1; 0.0
rappela; 1; 0.0
essayé; 1; 0.0
cave; 1; 0.0
file; 1; 0.0
maître; 11; 0.0005
travailleurs; 2; 0.0001
ficelle; 2; 0.0001
verdure; 2; 0.0001
alléger; 1; 0.0
prête; 1; 0.0
vais; 12; 0.0006
entend; 6; 0.0003
bougeait; 1; 0.0
engagent; 1; 0.0
exprimer; 3; 0.0001
bavette; 1; 0.0
baguettes; 2; 0.0001
colonie; 1; 0.0
reconnaissez; 1; 0.0
disposées; 1; 0.0
interrompant; 1; 0.0
recueillir; 1; 0.0
brunies; 1; 0.0
dépenser; 1; 0.0
série; 1; 0.0
paroisse; 6; 0.0003
face; 4; 0.0002
finirez; 1; 0.0
supposer; 2; 0.0001
vagues; 1; 0.0
absurdité; 1; 0.0
espoir; 1; 0.0
rebuter; 1; 0.0
assistants; 2; 0.0001
reculent; 1; 0.0
courte; 3; 0.0001
délicate; 1; 0.0
souffrance; 1; 0.0
agenouilla; 1; 0.0
douce; 4; 0.0002
étouffé; 1; 0.0
grise; 28; 0.0013
méchantes; 4; 0.0002
raccommoder; 1; 0.0
dédommagés; 1; 0.0
soutenir; 5; 0.0002
connaissait; 3; 0.0001
permets; 1; 0.0
communal; 3; 0.0001
cotillon; 1; 0.0
vapeurs; 2; 0.0001
naguère; 1; 0.0
redoute; 1; 0.0
finesse; 1; 0.0
peau; 7; 0.0003
embellit; 1; 0.0
cherchant; 3; 0.0001
pleuré; 3; 0.0001
compassion; 2; 0.0001
revenir; 4; 0.0002
boîte; 1; 0.0
malade; 3; 0.0001
fondre; 1; 0.0
cessant; 1; 0.0
dent; 1; 0.0
efface; 1; 0.0
incomplet; 1; 0.0
accident; 2; 0.0001
demi-païen; 1; 0.0
pomme; 3; 0.0001
folles; 2; 0.0001
grand; 28; 0.0013
courtiser; 1; 0.0
hyménée; 1; 0.0
veuf; 2; 0.0001
ton; 22; 0.001
vingt-cinq; 1; 0.0
sourcil; 1; 0.0
pathétiques; 1; 0.0
approchais; 1; 0.0
arrivèrent; 1; 0.0
réussit; 2; 0.0001
rendrais; 1; 0.0
tantes; 1; 0.0
chaumière; 4; 0.0002
naître; 1; 0.0
admission; 1; 0.0
fonds; 1; 0.0
ça; 1; 0.0
représente; 2; 0.0001
claquer; 1; 0.0
étouffait; 1; 0.0
pleures; 1; 0.0
désireux; 1; 0.0
productions; 1; 0.0
sourde; 2; 0.0001
rentra; 2; 0.0001
plaisait; 1; 0.0
peintures; 1; 0.0
amenderait; 1; 0.0
pommes; 2; 0.0001
comprends; 3; 0.0001
cher; 1; 0.0
souviens; 2; 0.0001
vieillir; 1; 0.0
verriez; 1; 0.0
bois; 40; 0.0019
cérémonie; 5; 0.0002
absente; 1; 0.0
chèvre; 2; 0.0001
dépourvu; 1; 0.0
particuliers; 1; 0.0
dérangiez; 1; 0.0
chantant; 2; 0.0001
menton; 1; 0.0
hameau; 3; 0.0001
rudement; 1; 0.0
allais; 1; 0.0
monsieur; 5; 0.0002
clairement; 2; 0.0001
honnêtes; 1; 0.0
au-dessus; 4; 0.0002
tirant; 2; 0.0001
embarrassée; 1; 0.0
plaire; 2; 0.0001
accorde; 1; 0.0
faudrait; 7; 0.0003
rechercher; 2; 0.0001
passerais; 1; 0.0
passions; 1; 0.0
tréteaux; 1; 0.0
ganse; 1; 0.0
parents; 18; 0.0009
brigands; 2; 0.0001
différends; 1; 0.0
sueur; 6; 0.0003
lancées; 1; 0.0
pareilles; 1; 0.0
morte; 3; 0.0001
perdue; 2; 0.0001
cheminée; 5; 0.0002
dégoûtant; 1; 0.0
formes; 1; 0.0
perdez; 1; 0.0
soigner; 2; 0.0001
verra; 1; 0.0
bavard; 1; 0.0
sauvage; 3; 0.0001
pierre; 27; 0.0013
plume; 1; 0.0
déserte; 1; 0.0
sera; 15; 0.0007
noce; 15; 0.0007
puis; 1; 0.0
devez; 3; 0.0001
vraisemblable; 1; 0.0
fusil; 1; 0.0
dolent; 1; 0.0
mentalement; 2; 0.0001
aiguillon; 4; 0.0002
drap; 9; 0.0004
abstînt; 1; 0.0
redisaient; 1; 0.0
conduiras; 1; 0.0
belle; 25; 0.0012
sons; 2; 0.0001
inutiles; 1; 0.0
disputée; 1; 0.0
événements; 1; 0.0
bâton; 8; 0.0004
sommeil; 4; 0.0002
coquet; 1; 0.0
mourait; 2; 0.0001
nul; 2; 0.0001
causerons; 2; 0.0001
semences; 1; 0.0
porta; 2; 0.0001
rapprocha; 1; 0.0
hasardée; 1; 0.0
faudra; 4; 0.0002
femme; 90; 0.0043
pré-long; 1; 0.0
dramatique; 1; 0.0
guérit; 2; 0.0001
badiner; 1; 0.0
repoussés; 1; 0.0
enfonce; 1; 0.0
traiterait; 1; 0.0
coulait; 1; 0.0
hardes; 1; 0.0
regardais; 1; 0.0
troubler; 1; 0.0
regardez; 2; 0.0001
chamarre; 1; 0.0
devions; 1; 0.0
hé; 1; 0.0
vrai; 22; 0.001
défendais; 1; 0.0
citernes; 1; 0.0
tablier; 5; 0.0002
trapu; 2; 0.0001
trouverons; 1; 0.0
couverte; 1; 0.0
irons; 3; 0.0001
hangar; 2; 0.0001
rebuté; 1; 0.0
saint-jean; 5; 0.0002
moqueuse; 1; 0.0
chétifs; 1; 0.0
abusent; 1; 0.0
laids; 1; 0.0
forts; 3; 0.0001
consentir; 1; 0.0
enveloppe; 1; 0.0
forcés; 1; 0.0
craignent; 2; 0.0001
œil; 6; 0.0003
terrain; 2; 0.0001
bleuâtres; 1; 0.0
bivouac; 3; 0.0001
poussait; 3; 0.0001
tailleur; 2; 0.0001
époux; 2; 0.0001
origine; 4; 0.0002
gâtés; 1; 0.0
ouvre; 3; 0.0001
cadeaux; 3; 0.0001
appelés; 1; 0.0
cuisine; 2; 0.0001
farouches; 1; 0.0
vipetit; 1; 0.0
douloureuse; 1; 0.0
cinquante; 7; 0.0003
reviennent; 1; 0.0
convertissent; 1; 0.0
rôdeur; 2; 0.0001
bordèrent; 1; 0.0
plantés; 1; 0.0
paysan; 8; 0.0004
vin; 12; 0.0006
particulier; 3; 0.0001
mi-chemin; 1; 0.0
rôt; 1; 0.0
bons; 5; 0.0002
levier; 2; 0.0001
charme; 3; 0.0001
retrouver; 6; 0.0003
insultes; 1; 0.0
senti; 2; 0.0001
possèdent; 1; 0.0
brusquement; 1; 0.0
sorcière; 3; 0.0001
vieilles; 3; 0.0001
briquet; 2; 0.0001
fourche; 21; 0.001
restait; 2; 0.0001
pardonnez; 2; 0.0001
travaux; 1; 0.0
divertir; 2; 0.0001
quitté; 1; 0.0
souhaitais; 1; 0.0
cantonnier; 1; 0.0
nombreuses; 1; 0.0
barraient; 1; 0.0
dis-le-moi; 1; 0.0
ruche; 1; 0.0
naïves; 1; 0.0
gerbe; 1; 0.0
simple; 9; 0.0004
béni; 2; 0.0001
entendu; 6; 0.0003
serrerai; 1; 0.0
champions; 1; 0.0
manqué; 3; 0.0001
soirs; 2; 0.0001
laurier; 2; 0.0001
effrayants; 1; 0.0
ajoutait; 2; 0.0001
pignon; 1; 0.0
cuisson; 1; 0.0
recherchant; 1; 0.0
élevait; 2; 0.0001
déchirés; 1; 0.0
camps; 1; 0.0
troublé; 1; 0.0
sable; 2; 0.0001
coller; 1; 0.0
permettrait; 1; 0.0
grand-mère; 8; 0.0004
taquins; 1; 0.0
gouffre; 1; 0.0
beautés; 1; 0.0
suppose; 2; 0.0001
parlait; 2; 0.0001
équilibre; 1; 0.0
mai; 1; 0.0
chevaline; 1; 0.0
semblait; 7; 0.0003
écartées; 1; 0.0
résonner; 1; 0.0
voit; 5; 0.0002
corps; 7; 0.0003
wakefield; 1; 0.0
desseins; 1; 0.0
fendre; 1; 0.0
prétendit; 1; 0.0
signes; 1; 0.0
légume; 1; 0.0
permis; 2; 0.0001
marchant; 2; 0.0001
accroire; 1; 0.0
tirés; 1; 0.0
frontispice; 1; 0.0
plaisanterie; 2; 0.0001
fie; 1; 0.0
réellement; 2; 0.0001
rouges; 1; 0.0
broc; 1; 0.0
réussirons; 1; 0.0
excuser; 1; 0.0
dors; 1; 0.0
ornés; 1; 0.0
sangles; 2; 0.0001
serviteurs; 2; 0.0001
gelés; 1; 0.0
consulter; 1; 0.0
laissé; 4; 0.0002
luxe; 1; 0.0
attente; 1; 0.0
quinze; 1; 0.0
appendices; 1; 0.0
prendrez; 1; 0.0
acquérir; 1; 0.0
envie; 12; 0.0006
abattre; 4; 0.0002
rabelais; 1; 0.0
tournés; 1; 0.0
malin; 1; 0.0
soutenues; 1; 0.0
valeur; 1; 0.0
plaindra; 1; 0.0
soixante; 1; 0.0
parrains; 2; 0.0001
parcimonieusement; 1; 0.0
ardeur; 1; 0.0
côtoie; 1; 0.0
fleurs; 3; 0.0001
contrastait; 1; 0.0
lumière; 1; 0.0
voulu; 11; 0.0005
naïvement; 2; 0.0001
augmente; 2; 0.0001
refusé; 2; 0.0001
fraîcheur; 1; 0.0
chanvreur; 37; 0.0017
rassembla; 1; 0.0
satires; 1; 0.0
pitié; 7; 0.0003
fâcherait; 1; 0.0
rusé; 1; 0.0
coucher; 6; 0.0003
défendît; 1; 0.0
dédaignée; 1; 0.0
intitulée; 1; 0.0
dis; 7; 0.0003
comblé; 1; 0.0
bêtes; 11; 0.0005
sonnée; 1; 0.0
fossoyeurs; 1; 0.0
couplets; 2; 0.0001
suffire; 1; 0.0
combien; 2; 0.0001
jusqu’; 27; 0.0013
pensé; 5; 0.0002
entourée; 1; 0.0
ouvrir; 5; 0.0002
repris; 2; 0.0001
guérin; 4; 0.0002
solide; 2; 0.0001
fragile; 1; 0.0
va; 18; 0.0009
hospitalité; 1; 0.0
conservé; 2; 0.0001
aperçut; 6; 0.0003
géomètre; 1; 0.0
petite; 118; 0.0056
entremêlé; 1; 0.0
oser; 2; 0.0001
jetée; 1; 0.0
causant; 1; 0.0
endormit; 1; 0.0
acquittait; 1; 0.0
donner; 15; 0.0007
donne; 3; 0.0001
juste; 2; 0.0001
mentez; 1; 0.0
sien; 1; 0.0
préserve; 1; 0.0
ôté; 1; 0.0
menait; 1; 0.0
heure; 28; 0.0013
écrouler; 1; 0.0
raisonner; 2; 0.0001
tel; 2; 0.0001
passés; 1; 0.0
accosta; 1; 0.0
siège; 2; 0.0001
aimes; 5; 0.0002
rencontrer; 2; 0.0001
dorés; 1; 0.0
valet; 1; 0.0
prince; 2; 0.0001
sent; 2; 0.0001
amusant; 1; 0.0
fuir; 1; 0.0
imprescriptible; 1; 0.0
retomber; 1; 0.0
fermer; 1; 0.0
gaîté; 1; 0.0
vulgaire; 1; 0.0
volontiers; 1; 0.0
emporteraient; 1; 0.0
pauvrette; 1; 0.0
aimerai; 1; 0.0
société; 2; 0.0001
bouleaux; 1; 0.0
plaine; 1; 0.0
courantes; 1; 0.0
empêché; 1; 0.0
ouvrage; 6; 0.0003
charrue; 4; 0.0002
cantine; 1; 0.0
indulgences; 1; 0.0
étourdi; 1; 0.0
marchais; 1; 0.0
prudence; 1; 0.0
croire; 4; 0.0002
immédiatement; 1; 0.0
catherine; 11; 0.0005
portait; 4; 0.0002
su; 6; 0.0003
ressemblance; 1; 0.0
décidés; 1; 0.0
allures; 1; 0.0
autour; 12; 0.0006
enjouée; 1; 0.0
côté; 23; 0.0011
dürer; 1; 0.0
haute; 3; 0.0001
tremblant; 3; 0.0001
déterrer; 1; 0.0
étincelles; 1; 0.0
sabots; 4; 0.0002
enveloppé; 1; 0.0
tableau; 3; 0.0001
indigne; 1; 0.0
douzaine; 2; 0.0001
craignit; 1; 0.0
moquez; 3; 0.0001
tourterelle; 1; 0.0
trésors; 1; 0.0
libation; 1; 0.0
pense; 13; 0.0006
maigres; 2; 0.0001
miracle; 2; 0.0001
assis; 5; 0.0002
lève; 2; 0.0001
hasardaient; 1; 0.0
concentrer; 1; 0.0
tristesse; 3; 0.0001
rentière; 1; 0.0
fenêtres; 2; 0.0001
jupe; 2; 0.0001
perdu; 6; 0.0003
avisé; 1; 0.0
simulée; 2; 0.0001
pioche; 1; 0.0
rampant; 1; 0.0
cuire; 8; 0.0004
défaut; 1; 0.0
arrivant; 1; 0.0
serré; 2; 0.0001
entendait; 4; 0.0002
paroissiens; 2; 0.0001
vivant; 1; 0.0
lande; 4; 0.0002
dédain; 2; 0.0001
penchée; 1; 0.0
fit; 16; 0.0008
dangereux; 2; 0.0001
gaillard; 1; 0.0
branche; 4; 0.0002
fois; 27; 0.0013
ressent; 1; 0.0
étourdir; 1; 0.0
retire; 3; 0.0001
commode; 3; 0.0001
misère; 14; 0.0007
antiques; 1; 0.0
retrouverons; 1; 0.0
chou; 17; 0.0008
souhaitait; 1; 0.0
signalent; 1; 0.0
solitude; 2; 0.0001
connaît; 3; 0.0001
servant; 2; 0.0001
trompé; 1; 0.0
lien; 1; 0.0
façons; 1; 0.0
attelages; 1; 0.0
trio; 1; 0.0
abondante; 1; 0.0
arriva; 4; 0.0002
endiablé; 2; 0.0001
méprise; 2; 0.0001
dormirent; 1; 0.0
offrent; 1; 0.0
peuplent; 1; 0.0
sienne; 4; 0.0002
rappellera; 1; 0.0
amené; 2; 0.0001
bizarre; 1; 0.0
pansée; 1; 0.0
passée; 2; 0.0001
clairs; 1; 0.0
habiller; 1; 0.0
attirer; 3; 0.0001
industrie; 1; 0.0
gourmand; 1; 0.0
découragement; 1; 0.0
nourririons; 1; 0.0
ci; 4; 0.0002
rémunération; 1; 0.0
épouvante; 1; 0.0
pauvret; 1; 0.0
paon; 1; 0.0
venant; 1; 0.0
dernières; 2; 0.0001
lâche; 2; 0.0001
lunettes; 1; 0.0
désespoir; 3; 0.0001
cabaret; 3; 0.0001
braves; 4; 0.0002
«; 5; 0.0002
développement; 2; 0.0001
rappelaient; 1; 0.0
imagine; 1; 0.0
gîtes; 1; 0.0
indifférent; 1; 0.0
révolutionnaire; 1; 0.0
cherches; 2; 0.0001
broyes; 1; 0.0
entre-croisaient; 1; 0.0
entendre; 11; 0.0005
guerriers; 1; 0.0
aimiez; 1; 0.0
servirai; 1; 0.0
prennes; 1; 0.0
vie; 26; 0.0012
dois; 5; 0.0002
vécu; 1; 0.0
crains; 8; 0.0004
piquait; 1; 0.0
effort; 4; 0.0002
détestant; 1; 0.0
aérienne; 1; 0.0
coupant; 1; 0.0
mâchoires; 1; 0.0
réunit; 1; 0.0
belle-sœur; 1; 0.0
action; 1; 0.0
divinité; 1; 0.0
ose; 3; 0.0001
pudicité; 1; 0.0
ivres; 1; 0.0
tiède; 1; 0.0
porcher; 1; 0.0
deviné; 2; 0.0001
rive; 1; 0.0
mœurs; 5; 0.0002
lapin; 1; 0.0
regagnaient; 1; 0.0
précaution; 4; 0.0002
ordinairement; 1; 0.0
siècle; 2; 0.0001
travaille; 4; 0.0002
rient; 1; 0.0
luire; 1; 0.0
pique; 2; 0.0001
te; 35; 0.0017
formulant; 1; 0.0
occasionnerons; 1; 0.0
censée; 1; 0.0
gai; 3; 0.0001
quoiqu’; 1; 0.0
orgueilleuse; 2; 0.0001
culture; 2; 0.0001
pensait; 2; 0.0001
jougs; 2; 0.0001
relevée; 1; 0.0
dut; 2; 0.0001
raisonneur; 1; 0.0
camarade; 2; 0.0001
coquette; 1; 0.0
récrier; 1; 0.0
remirent; 2; 0.0001
incendie; 1; 0.0
fonctions; 1; 0.0
connaissent; 1; 0.0
appris; 1; 0.0
déchirée; 1; 0.0
réveillerait; 1; 0.0
laissée; 1; 0.0
rouge; 6; 0.0003
plaidant; 1; 0.0
appelait; 1; 0.0
déroutes; 1; 0.0
passeras; 2; 0.0001
eut; 22; 0.001
grimpé; 1; 0.0
sacristain; 1; 0.0
emportant; 2; 0.0001
distribua; 1; 0.0
couché; 4; 0.0002
retenir; 2; 0.0001
nuée; 1; 0.0
hardis; 1; 0.0
futur; 2; 0.0001
job; 1; 0.0
suie; 1; 0.0
malignes; 1; 0.0
entres; 1; 0.0
ivre; 1; 0.0
puisse; 5; 0.0002
avenir; 2; 0.0001
arrêtait; 1; 0.0
offert; 2; 0.0001
sinistre; 1; 0.0
iv.le; 1; 0.0
fausses; 2; 0.0001
fille; 85; 0.004
observé; 1; 0.0
difficultés; 1; 0.0
refusant; 1; 0.0
huis; 1; 0.0
forme; 8; 0.0004
objets; 1; 0.0
parlons; 1; 0.0
noire; 3; 0.0001
vigoureux; 4; 0.0002
france; 2; 0.0001
croyant; 3; 0.0001
étant; 5; 0.0002
presque; 1; 0.0
promenant; 1; 0.0
tête; 38; 0.0018
néant; 2; 0.0001
prospérité; 2; 0.0001
raison; 25; 0.0012
liqueur; 1; 0.0
dégagées; 1; 0.0
marmots; 3; 0.0001
compatissait; 1; 0.0
dîné; 2; 0.0001
frappe; 1; 0.0
festin; 1; 0.0
effroyables; 1; 0.0
fortifications; 1; 0.0
triangulaire; 1; 0.0
pourrai; 1; 0.0
range; 1; 0.0
femmes; 5; 0.0002
veuvage; 1; 0.0
arrivent; 1; 0.0
gardé; 1; 0.0
voile; 2; 0.0001
louis; 2; 0.0001
rigoureusement; 1; 0.0
craindre; 2; 0.0001
doute; 23; 0.0011
lumières; 1; 0.0
promit; 1; 0.0
lieues; 2; 0.0001
asseyant; 3; 0.0001
veux; 31; 0.0015
cédait; 2; 0.0001
fillette; 1; 0.0
entrerez; 2; 0.0001
détournant; 1; 0.0
placée; 3; 0.0001
entrez; 2; 0.0001
font; 10; 0.0005
défauts; 1; 0.0
amusement; 1; 0.0
aimable; 2; 0.0001
mécontentait; 1; 0.0
mettait; 1; 0.0
effraient; 1; 0.0
idéal; 2; 0.0001
devrais; 1; 0.0
mentionnant; 1; 0.0
augmentent; 1; 0.0
dirigea; 2; 0.0001
riez; 1; 0.0
déclarer; 1; 0.0
mottes; 1; 0.0
tourmenté; 1; 0.0
autrement; 9; 0.0004
première; 5; 0.0002
indigènes; 1; 0.0
maudits; 1; 0.0
vêtements; 4; 0.0002
refusa; 1; 0.0
oubli; 1; 0.0
céda; 1; 0.0
naïve; 1; 0.0
final; 1; 0.0
maîtres; 1; 0.0
inquiétait; 1; 0.0
cadeau; 5; 0.0002
auteur; 1; 0.0
consciencieux; 1; 0.0
irrités; 1; 0.0
gras; 1; 0.0
provient; 1; 0.0
talent; 2; 0.0001
espère; 4; 0.0002
reconnaissant; 1; 0.0
pauvrement; 1; 0.0
dansa; 1; 0.0
griefs; 1; 0.0
agriculteurs; 1; 0.0
traduction; 1; 0.0
reçoive; 1; 0.0
celle; 1; 0.0
héritage; 1; 0.0
inventé; 1; 0.0
paraît; 7; 0.0003
formulait; 1; 0.0
prétendu; 1; 0.0
tenant; 3; 0.0001
fermait; 2; 0.0001
nettoierai; 1; 0.0
mélancolie; 1; 0.0
naturel; 1; 0.0
conteur; 1; 0.0
investis; 1; 0.0
remercierai; 1; 0.0
exige; 1; 0.0
séduction; 1; 0.0
moquerie; 1; 0.0
remit; 1; 0.0
pourrons; 3; 0.0001
malheur; 7; 0.0003
traitait; 1; 0.0
bien; 198; 0.0094
drôles; 1; 0.0
épaules; 3; 0.0001
tombait; 1; 0.0
morne; 1; 0.0
chiens; 8; 0.0004
rangée; 3; 0.0001
dansant; 1; 0.0
charroi; 1; 0.0
brouillard; 8; 0.0004
sorte; 10; 0.0005
dansière; 1; 0.0
tâtez; 1; 0.0
confessons; 1; 0.0
nourriture; 1; 0.0
paille; 8; 0.0004
commença; 3; 0.0001
servent; 2; 0.0001
faciles; 1; 0.0
ouverte; 1; 0.0
voler; 1; 0.0
perçant; 1; 0.0
sauta; 3; 0.0001
collection; 1; 0.0
spectacle; 3; 0.0001
plumées; 1; 0.0
déshabillé; 1; 0.0
exprime; 1; 0.0
fort; 34; 0.0016
givre; 1; 0.0
couples; 1; 0.0
passé; 15; 0.0007
approuva; 1; 0.0
endroit; 20; 0.0009
aboyant; 1; 0.0
dégradée; 1; 0.0
pousse; 1; 0.0
imberbe; 1; 0.0
apprécié; 1; 0.0
atmosphère; 1; 0.0
renonce; 3; 0.0001
détresse; 2; 0.0001
tant; 29; 0.0014
volte; 1; 0.0
basse-taille; 1; 0.0
compléter; 1; 0.0
glandée; 1; 0.0
séparant; 1; 0.0
entrant; 2; 0.0001
es; 10; 0.0005
punis; 1; 0.0
gardait; 3; 0.0001
viendras; 2; 0.0001
bougeras; 1; 0.0
voitures; 1; 0.0
apprendre; 3; 0.0001
songea; 2; 0.0001
relation; 1; 0.0
tourmentées; 1; 0.0
stoïcienne; 1; 0.0
peur; 13; 0.0006
mousse; 1; 0.0
membres; 1; 0.0
arrivons; 2; 0.0001
mourais; 1; 0.0
excellence; 1; 0.0
sérénité; 1; 0.0
consens; 1; 0.0
notes; 1; 0.0
sorel; 1; 0.0
broyeur; 2; 0.0001
rongeant; 1; 0.0
cachant; 2; 0.0001
déjeuner; 2; 0.0001
réputés; 1; 0.0
distraction; 1; 0.0
radieux; 1; 0.0
embrasserai; 1; 0.0
connaissons; 4; 0.0002
revenons; 1; 0.0
pourra; 5; 0.0002
bûcher; 1; 0.0
mourrai; 1; 0.0
conçois; 1; 0.0
réflexions; 1; 0.0
tomberais; 1; 0.0
oies; 1; 0.0
patience; 3; 0.0001
lion; 1; 0.0
parlent; 1; 0.0
caches; 1; 0.0
poupées; 1; 0.0
communaux; 1; 0.0
opinion; 1; 0.0
placer; 2; 0.0001
chance; 1; 0.0
laissait; 2; 0.0001
trop; 61; 0.0029
feuillée; 1; 0.0
rassasier; 1; 0.0
dose; 1; 0.0
sceptique; 1; 0.0
demandée; 1; 0.0
oublier; 8; 0.0004
voudriez; 3; 0.0001
appesantit; 1; 0.0
connaissions; 1; 0.0
trouvâmes; 1; 0.0
emmène; 2; 0.0001
employés; 1; 0.0
attira; 1; 0.0
courir; 8; 0.0004
route; 12; 0.0006
chargée; 3; 0.0001
engagea; 2; 0.0001
affaires; 5; 0.0002
direction; 3; 0.0001
habits; 4; 0.0002
percussion; 1; 0.0
dimanches; 2; 0.0001
proposer; 1; 0.0
arriver; 7; 0.0003
encadrait; 1; 0.0
continuité; 1; 0.0
desquelles; 1; 0.0
connaissance; 4; 0.0002
tranquille; 10; 0.0005
vive; 1; 0.0
flambera; 1; 0.0
allons; 31; 0.0015
fenil; 1; 0.0
front; 9; 0.0004
irrésistible; 1; 0.0
habitations; 2; 0.0001
bandeau; 1; 0.0
sert; 3; 0.0001
personnifiait; 1; 0.0
crut; 3; 0.0001
frais; 7; 0.0003
éveillés; 1; 0.0
remplit; 1; 0.0
tailles; 1; 0.0
apparition; 1; 0.0
burlesque; 1; 0.0
sache; 2; 0.0001
juifs; 1; 0.0
chôme; 1; 0.0
chercheront; 1; 0.0
abréger; 1; 0.0
brin; 1; 0.0
tranchée; 1; 0.0
tutoyait; 1; 0.0
demeurer; 1; 0.0
mémoire; 4; 0.0002
soulas; 1; 0.0
apporte; 4; 0.0002
refuser; 1; 0.0
menaçât; 1; 0.0
désignant; 1; 0.0
tâter; 1; 0.0
détestable; 1; 0.0
criminelle; 1; 0.0
égal; 2; 0.0001
adresse; 1; 0.0
soupir; 1; 0.0
dis-la-moi; 1; 0.0
faisant; 6; 0.0003
brus; 1; 0.0
occupe; 1; 0.0
las; 2; 0.0001
lit; 15; 0.0007
censé; 1; 0.0
branches; 10; 0.0005
présenter; 5; 0.0002
renvoie; 1; 0.0
général; 3; 0.0001
terroir; 1; 0.0
rond; 2; 0.0001
beaux; 8; 0.0004
effet; 8; 0.0004
mesures; 1; 0.0
avis; 5; 0.0002
prierai; 1; 0.0
trotté; 1; 0.0
oiseau; 1; 0.0
appelle; 9; 0.0004
tranquillement; 2; 0.0001
canon; 2; 0.0001
fruit; 1; 0.0
écriture; 1; 0.0
renseigner; 1; 0.0
habitué; 1; 0.0
dominent; 1; 0.0
chevalet; 1; 0.0
immensité; 1; 0.0
siècles; 2; 0.0001
aurais; 9; 0.0004
nôtre; 2; 0.0001
plais; 1; 0.0
ivrogne; 2; 0.0001
mener; 2; 0.0001
rencontre; 1; 0.0
vaudra; 1; 0.0
malpropre; 3; 0.0001
œuvres; 1; 0.0
blanches; 3; 0.0001
fallu; 2; 0.0001
dessein; 1; 0.0
solange; 3; 0.0001
doutez; 1; 0.0
auparavant; 2; 0.0001
peilloux; 1; 0.0
apercevront; 1; 0.0
liberté; 1; 0.0
âtre; 3; 0.0001
ostensiblement; 1; 0.0
couche; 1; 0.0
dispenser; 1; 0.0
plafond; 1; 0.0
pouligny; 2; 0.0001
antérieur; 1; 0.0
train; 6; 0.0003
ramages; 1; 0.0
impitoyable; 1; 0.0
escortés; 1; 0.0
précipitèrent; 1; 0.0
rainures; 1; 0.0
éloquence; 1; 0.0
basse; 2; 0.0001
propriété; 1; 0.0
excitent; 1; 0.0
crânement; 1; 0.0
mirent; 3; 0.0001
vigueur; 2; 0.0001
joignit; 1; 0.0
effrayés; 1; 0.0
nage; 1; 0.0
arrache; 1; 0.0
fanfaronnes; 1; 0.0
combat; 2; 0.0001
poussent; 2; 0.0001
pontifes; 1; 0.0
gronder; 1; 0.0
prisons; 1; 0.0
suivaient; 1; 0.0
linge; 2; 0.0001
gardes; 2; 0.0001
lutte; 6; 0.0003
écouté; 4; 0.0002
dix-huit; 1; 0.0
orgueil; 2; 0.0001
leur; 2; 0.0001
significatif; 1; 0.0
venait; 10; 0.0005
lueur; 2; 0.0001
meilleur; 3; 0.0001
fatigué; 3; 0.0001
vallée; 1; 0.0
touchant; 1; 0.0
aidez; 1; 0.0
passage; 3; 0.0001
pardonner; 2; 0.0001
hommes; 16; 0.0008
bas; 6; 0.0003
irions; 1; 0.0
larmes; 4; 0.0002
grandement; 3; 0.0001
avons; 29; 0.0014
résistance; 2; 0.0001
trouver; 14; 0.0007
prétention; 1; 0.0
triomphant; 1; 0.0
caravane; 1; 0.0
grand-tristesse; 1; 0.0
bellement; 2; 0.0001
putatifs; 1; 0.0
gauche; 4; 0.0002
quelque; 1; 0.0
invitation; 1; 0.0
frisées; 1; 0.0
adroit; 2; 0.0001
blé; 2; 0.0001
rhabillés; 1; 0.0
sept; 3; 0.0001
préposés; 1; 0.0
riche; 11; 0.0005
soupirants; 1; 0.0
prennent; 1; 0.0
pipe; 1; 0.0
ardents; 1; 0.0
rustres; 1; 0.0
mettras; 1; 0.0
obtenir; 2; 0.0001
élégance; 1; 0.0
approcher; 2; 0.0001
clouer; 1; 0.0
rue; 1; 0.0
village; 8; 0.0004
convenable; 3; 0.0001
satiété; 1; 0.0
coulèrent; 1; 0.0
fougère; 2; 0.0001
attacher; 3; 0.0001
remontèrent; 1; 0.0
supplier; 1; 0.0
moments; 1; 0.0
nouveaux; 1; 0.0
rigueurs; 1; 0.0
sortes; 2; 0.0001
fortifié; 1; 0.0
soutenant; 1; 0.0
fut; 32; 0.0015
convaincu; 1; 0.0
garçons; 7; 0.0003
imaginaire; 2; 0.0001
guenilles; 2; 0.0001
barbouillé; 1; 0.0
dégoûte; 1; 0.0
plaisamment; 1; 0.0
renommé; 1; 0.0
partit; 3; 0.0001
galop; 3; 0.0001
amour; 10; 0.0005
briller; 2; 0.0001
bouffonnes; 1; 0.0
sont; 57; 0.0027
rougissait; 1; 0.0
sans-cœur; 1; 0.0
retournais; 1; 0.0
choisies; 1; 0.0
nouvellement; 1; 0.0
grande; 15; 0.0007
aventures; 1; 0.0
ménagement; 1; 0.0
engager; 3; 0.0001
craint; 3; 0.0001
fatalité; 2; 0.0001
finir; 2; 0.0001
ventre; 3; 0.0001
rigides; 1; 0.0
poids; 3; 0.0001
office; 1; 0.0
distingue; 1; 0.0
soufflez; 1; 0.0
encensent; 1; 0.0
cris; 3; 0.0001
empêchée; 2; 0.0001
licence; 2; 0.0001
désappointé; 1; 0.0
approches; 2; 0.0001
bleus; 1; 0.0
omission; 1; 0.0
mariages; 1; 0.0
voisinage; 1; 0.0
entoure; 3; 0.0001
offrir; 1; 0.0
mariés; 1; 0.0
jetait; 2; 0.0001
rend; 2; 0.0001
mouchoir; 2; 0.0001
croisé; 1; 0.0
volontés; 1; 0.0
fatigue; 4; 0.0002
continuait; 1; 0.0
passait; 7; 0.0003
attendez; 1; 0.0
conservée; 1; 0.0
obstacle; 2; 0.0001
séché; 1; 0.0
estomac; 3; 0.0001
verrons; 2; 0.0001
mignonne; 4; 0.0002
retourna; 3; 0.0001
labour; 1; 0.0
magnier; 2; 0.0001
assistent; 1; 0.0
sand; 1; 0.0
où; 1; 0.0
faisaient; 6; 0.0003
manteau; 7; 0.0003
richesse; 2; 0.0001
pouvaient; 3; 0.0001
convient; 3; 0.0001
réciproquement; 1; 0.0
sifflant; 1; 0.0
amère; 1; 0.0
brave; 6; 0.0003
manières; 2; 0.0001
veillées; 1; 0.0
réveilla; 1; 0.0
tiens; 15; 0.0007
éternelle; 1; 0.0
repoussant; 2; 0.0001
connais; 9; 0.0004
siennes; 1; 0.0
rentré; 1; 0.0
possède; 2; 0.0001
sonore; 1; 0.0
plupart; 3; 0.0001
geôliers; 1; 0.0
pasteurs; 1; 0.0
venus; 3; 0.0001
même; 47; 0.0022
feuilletons; 1; 0.0
prononça; 2; 0.0001
vaisselle; 1; 0.0
choses; 11; 0.0005
cramponné; 1; 0.0
bâti; 1; 0.0
blâme; 1; 0.0
pleure; 1; 0.0
étang; 1; 0.0
préféré; 1; 0.0
puissant; 1; 0.0
sauvés; 1; 0.0
saint-sylvain; 2; 0.0001
genre; 2; 0.0001
passez; 2; 0.0001
sérieuse; 2; 0.0001
aide; 3; 0.0001
supposât; 1; 0.0
pensées; 2; 0.0001
armée; 1; 0.0
dents; 3; 0.0001
condamné; 2; 0.0001
simultanément; 1; 0.0
écrit; 1; 0.0
grandes; 6; 0.0003
fiancés; 3; 0.0001
fiers; 1; 0.0
livre; 2; 0.0001
roulée; 1; 0.0
déloyauté; 1; 0.0
contorsions; 1; 0.0
auriez; 4; 0.0002
viandes; 2; 0.0001
accablé; 2; 0.0001
viendrais; 1; 0.0
tante; 1; 0.0
cadastre; 1; 0.0
précautions; 4; 0.0002
payées; 1; 0.0
clef; 1; 0.0
rose; 4; 0.0002
ruades; 1; 0.0
tranchant; 1; 0.0
amène; 1; 0.0
allégoriquement; 1; 0.0
répétant; 1; 0.0
indicible; 1; 0.0
droit; 9; 0.0004
travaillons; 1; 0.0
engraissent; 1; 0.0
attelage; 7; 0.0003
échine; 1; 0.0
peut-être; 24; 0.0011
borné; 1; 0.0
chanvreurs; 1; 0.0
fallut; 1; 0.0
alluma; 1; 0.0
enlevant; 1; 0.0
modeste; 2; 0.0001
pièce; 2; 0.0001
entournures; 1; 0.0
carrefour; 1; 0.0
précieux; 1; 0.0
tiendrais; 1; 0.0
chevreuil; 1; 0.0
curieuse; 1; 0.0
idées; 9; 0.0004
moqueusement; 1; 0.0
oppose; 1; 0.0
fardeau; 4; 0.0002
triomphale; 2; 0.0001
fanchette; 1; 0.0
aimables; 1; 0.0
ensorcelés; 1; 0.0
retard; 1; 0.0
irrésolu; 1; 0.0
parleur; 1; 0.0
robustes; 4; 0.0002
jets; 1; 0.0
cloche; 1; 0.0
plans; 1; 0.0
allés; 3; 0.0001
dominante; 1; 0.0
dépit; 3; 0.0001
conter; 2; 0.0001
indomptés; 1; 0.0
hôtes; 1; 0.0
livrât; 1; 0.0
songeait; 2; 0.0001
reproches; 2; 0.0001
bizarres; 1; 0.0
ixla; 1; 0.0
cents; 2; 0.0001
buvait; 1; 0.0
chanter; 10; 0.0005
table; 8; 0.0004
galette; 1; 0.0
moment; 13; 0.0006
saurons; 1; 0.0
éparses; 1; 0.0
actif; 1; 0.0
contraire; 3; 0.0001
sollicitude; 2; 0.0001
confié; 1; 0.0
reconnut; 2; 0.0001
croupe; 5; 0.0002
quitte; 1; 0.0
déplaisir; 1; 0.0
naseaux; 1; 0.0
forêt; 2; 0.0001
critique; 1; 0.0
provision; 3; 0.0001
proie; 3; 0.0001
haillons; 2; 0.0001
méprisé; 1; 0.0
garnies; 2; 0.0001
enfants; 53; 0.0025
mots; 3; 0.0001
partons; 1; 0.0
réponds; 2; 0.0001
dormais; 3; 0.0001
éloignées; 1; 0.0
ranimé; 1; 0.0
grives; 1; 0.0
café; 1; 0.0
tourmente; 2; 0.0001
courts; 1; 0.0
menteuse; 1; 0.0
devenu; 2; 0.0001
jalouse; 1; 0.0
biche; 1; 0.0
manque; 4; 0.0002
caché; 3; 0.0001
éveillée; 1; 0.0
voulût; 1; 0.0
étendue; 1; 0.0
pistolets; 1; 0.0
grimperait; 1; 0.0
fermées; 1; 0.0
béguin; 1; 0.0
noir; 4; 0.0002
thym; 1; 0.0
habillé; 1; 0.0
refuge; 2; 0.0001
pareil; 1; 0.0
décidé; 6; 0.0003
éprouvé; 1; 0.0
introduisent; 1; 0.0
vaches; 2; 0.0001
jeta; 8; 0.0004
conçoit; 1; 0.0
inquiétera; 1; 0.0
mettre; 16; 0.0008
agnès; 1; 0.0
apportons; 1; 0.0
souffrant; 1; 0.0
vertus; 1; 0.0
gravure; 2; 0.0001
vigne; 1; 0.0
retrouverais; 1; 0.0
impunément; 1; 0.0
traversèrent; 2; 0.0001
frisson; 2; 0.0001
marcha; 1; 0.0
neufs; 1; 0.0
néanmoins; 1; 0.0
pourvue; 1; 0.0
aimait; 5; 0.0002
épileptique; 1; 0.0
approchèrent; 1; 0.0
cache; 2; 0.0001
mur; 1; 0.0
bis; 1; 0.0
peignerai; 1; 0.0
parti; 10; 0.0005
humanité; 5; 0.0002
naïf; 2; 0.0001
revoir; 1; 0.0
mêlent; 1; 0.0
possession; 2; 0.0001
ii.les; 1; 0.0
répondit; 48; 0.0023
dirions; 1; 0.0
sourire; 4; 0.0002
nerveux; 1; 0.0
aperçût; 1; 0.0
retrouverions; 1; 0.0
avancée; 1; 0.0
tranquilles; 3; 0.0001
passeront; 1; 0.0
coûte; 1; 0.0
caille; 2; 0.0001
annonçaient; 2; 0.0001
flamme; 4; 0.0002
jean-baptiste; 1; 0.0
dite; 1; 0.0
procession; 1; 0.0
vierges; 1; 0.0
faire; 90; 0.0043
mûres; 1; 0.0
sanglotant; 1; 0.0
douces; 1; 0.0
attendit; 3; 0.0001
marierai; 1; 0.0
enclos; 1; 0.0
moyens; 1; 0.0
personnage; 5; 0.0002
manquer; 1; 0.0
jalousie; 1; 0.0
fâchons; 1; 0.0
doivent; 2; 0.0001
mêmement; 1; 0.0
égarement; 1; 0.0
anticipée; 1; 0.0
gagné; 1; 0.0
bosse; 1; 0.0
arrose; 1; 0.0
impérieux; 1; 0.0
garde; 5; 0.0002
doutais; 2; 0.0001
oraison; 1; 0.0
quoique; 9; 0.0004
orateur; 1; 0.0
heureusement; 3; 0.0001
fumant; 1; 0.0
priait; 1; 0.0
bœuf; 4; 0.0002
donna; 3; 0.0001
triompherait; 1; 0.0
blancs; 2; 0.0001
entretenir; 1; 0.0
blancheur; 2; 0.0001
occupait; 2; 0.0001
pussent; 1; 0.0
saurez; 1; 0.0
adversaire; 1; 0.0
taille; 3; 0.0001
voyais; 4; 0.0002
causeras; 1; 0.0
carrées; 1; 0.0
distrait; 2; 0.0001
mouillées; 2; 0.0001
secret; 2; 0.0001
tasse; 1; 0.0
mendiant; 1; 0.0
diversion; 1; 0.0
prétendue; 1; 0.0
commençons; 1; 0.0
coutumier; 1; 0.0
baïonnettes; 1; 0.0
ivgermain; 1; 0.0
aperçu; 1; 0.0
germain; 240; 0.0113
myrte; 1; 0.0
réciter; 1; 0.0
poursuivis; 1; 0.0
soif; 3; 0.0001
règles; 1; 0.0
utile; 1; 0.0
irrite; 1; 0.0
servitude; 1; 0.0
pourvu; 1; 0.0
enjouées; 1; 0.0
montra; 2; 0.0001
chercherons; 2; 0.0001
mauvaises; 3; 0.0001
fermeté; 1; 0.0
prie; 4; 0.0002
tranquillité; 1; 0.0
constatée; 1; 0.0
rôtie; 1; 0.0
arrangé; 2; 0.0001
fassions; 1; 0.0
gauloise; 1; 0.0
consommés; 1; 0.0
endort; 1; 0.0
perdre; 11; 0.0005
aigus; 1; 0.0
conseil; 1; 0.0
proprement; 1; 0.0
profondément; 1; 0.0
prudent; 1; 0.0
frappaient; 1; 0.0
apercevait; 3; 0.0001
marquer; 1; 0.0
étranger; 2; 0.0001
muraille; 1; 0.0
chambre; 4; 0.0002
rigueur; 2; 0.0001
pompeuses; 1; 0.0
descends; 1; 0.0
tint; 5; 0.0002
pleurait; 3; 0.0001
chaînes; 1; 0.0
diantre; 1; 0.0
abandonnant; 1; 0.0
ramassa; 2; 0.0001
retirer; 1; 0.0
aussitôt; 5; 0.0002
revenu; 1; 0.0
protester; 1; 0.0
aîné; 3; 0.0001
diriger; 2; 0.0001
accoutumée; 1; 0.0
éperonna; 1; 0.0
cardeur; 1; 0.0
mouton; 1; 0.0
songé; 3; 0.0001
musculaire; 2; 0.0001
secouant; 1; 0.0
jeté; 5; 0.0002
pelle; 1; 0.0
pré; 4; 0.0002
battre; 2; 0.0001
rendre; 15; 0.0007
conduits; 1; 0.0
poètes; 2; 0.0001
reprendre; 5; 0.0002
retranchant; 2; 0.0001
addition; 1; 0.0
corbeille; 5; 0.0002
désarçonna; 1; 0.0
courage; 17; 0.0008
respectifs; 1; 0.0
entassée; 1; 0.0
cour; 9; 0.0004
reprit; 18; 0.0009
ramènerai; 1; 0.0
blonde; 1; 0.0
jours; 12; 0.0006
affections; 1; 0.0
couvert; 5; 0.0002
ô; 1; 0.0
dentelle; 3; 0.0001
frémissaient; 1; 0.0
rhabiller; 1; 0.0
observant; 1; 0.0
perds; 1; 0.0
soucie; 2; 0.0001
fourrage; 2; 0.0001
insolites; 1; 0.0
enlevé; 1; 0.0
conversation; 1; 0.0
gendarmes; 2; 0.0001
villes; 5; 0.0002
choix; 3; 0.0001
resplendit; 1; 0.0
gouvernement; 1; 0.0
heureux; 11; 0.0005
jardin; 6; 0.0003
refrains; 1; 0.0
toutes; 23; 0.0011
léonard; 20; 0.0009
hurlements; 2; 0.0001
fassiez; 1; 0.0
ardente; 2; 0.0001
suivant; 2; 0.0001
pêcher; 1; 0.0
tremblait; 3; 0.0001
fâchés; 1; 0.0
philosophiques; 1; 0.0
rêve; 5; 0.0002
paroles; 13; 0.0006
espérance; 2; 0.0001
armes; 1; 0.0
dégoût; 1; 0.0
assit; 1; 0.0
entendant; 1; 0.0
visaige; 2; 0.0001
accepté; 1; 0.0
savante; 1; 0.0
soignés; 2; 0.0001
emmenez; 3; 0.0001
net; 1; 0.0
eau; 7; 0.0003
frapper; 2; 0.0001
bonne; 40; 0.0019
crépi; 1; 0.0
osé; 1; 0.0
devriez; 1; 0.0
prenne; 3; 0.0001
acquit; 1; 0.0
rêvant; 1; 0.0
renvoyé; 1; 0.0
implacable; 1; 0.0
cramponnée; 1; 0.0
rapportâmes; 1; 0.0
sentis; 1; 0.0
filer; 1; 0.0
renoncement; 1; 0.0
méthode; 1; 0.0
propres; 3; 0.0001
intervention; 1; 0.0
fumiez; 1; 0.0
environnantes; 3; 0.0001
xv.le; 1; 0.0
suite; 10; 0.0005
nenni; 2; 0.0001
longs; 2; 0.0001
agricolas; 1; 0.0
rendue; 1; 0.0
sépara; 2; 0.0001
décidèrent; 1; 0.0
souvent; 5; 0.0002
combiné; 1; 0.0
revinrent; 2; 0.0001
pieusement; 1; 0.0
images; 1; 0.0
cornemuse; 1; 0.0
nom; 5; 0.0002
finissait; 1; 0.0
préjugé; 1; 0.0
quitter; 2; 0.0001
comprendra; 1; 0.0
habit; 3; 0.0001
récit; 2; 0.0001
fouettait; 1; 0.0
meilleure; 2; 0.0001
différent; 3; 0.0001
porté; 4; 0.0002
ramasser; 1; 0.0
raille; 1; 0.0
exciter; 3; 0.0001
sentir; 2; 0.0001
païenne; 2; 0.0001
frappant; 4; 0.0002
preuve; 4; 0.0002
accomplit; 1; 0.0
mises; 1; 0.0
empêcherai; 1; 0.0
semblé; 1; 0.0
divin; 1; 0.0
témoin; 1; 0.0
rompent; 1; 0.0
mignon; 1; 0.0
travaillera; 2; 0.0001
tons; 1; 0.0
doigts; 1; 0.0
vassaux; 1; 0.0
devient; 1; 0.0
roi; 1; 0.0
traits; 1; 0.0
carnaval; 1; 0.0
cavalcade; 1; 0.0
douleurs; 1; 0.0
pareillement; 1; 0.0
connaître; 5; 0.0002
empêchait; 1; 0.0
rôdant; 1; 0.0
nantes; 1; 0.0
curieuses; 1; 0.0
blouse; 3; 0.0001
pigeonnier; 1; 0.0
coupes; 1; 0.0
calment; 1; 0.0
iile; 1; 0.0
fini; 3; 0.0001
mise; 3; 0.0001
extatique; 1; 0.0
sornettes; 1; 0.0
quémandeuse; 1; 0.0
déplurent; 1; 0.0
rempli; 3; 0.0001
indulgence; 1; 0.0
existence; 1; 0.0
frein; 1; 0.0
fausse; 1; 0.0
ceinture; 1; 0.0
sottises; 1; 0.0
grossier; 3; 0.0001
grondât; 1; 0.0
alouettes; 2; 0.0001
accablait; 1; 0.0
parle; 4; 0.0002
carte; 1; 0.0
disparaissent; 1; 0.0
malédictions; 1; 0.0
profit; 1; 0.0
bâtiments; 1; 0.0
garda; 1; 0.0
cruauté; 1; 0.0
recommandé; 3; 0.0001
imaginer; 2; 0.0001
tombée; 3; 0.0001
attire; 1; 0.0
éloigna; 4; 0.0002
divertissance; 1; 0.0
vaincue; 2; 0.0001
couple; 3; 0.0001
suivre; 5; 0.0002
dépassé; 1; 0.0
hérissées; 2; 0.0001
profits; 2; 0.0001
reculée; 1; 0.0
exploit; 1; 0.0
moqueur; 1; 0.0
erreur; 2; 0.0001
histoire; 9; 0.0004
timon; 1; 0.0
drogue; 1; 0.0
embarras; 1; 0.0
serais; 12; 0.0006
bergerie; 2; 0.0001
assurance; 1; 0.0
maniéré; 1; 0.0
quelques-uns; 2; 0.0001
aimons; 3; 0.0001
entendez; 2; 0.0001
riantes; 1; 0.0
embarrassé; 3; 0.0001
modéré; 1; 0.0
arcelets; 2; 0.0001
chaux; 1; 0.0
consolider; 1; 0.0
inclinant; 1; 0.0
puissance; 1; 0.0
fortuits; 1; 0.0
damné; 1; 0.0
embarrassait; 1; 0.0
cape; 4; 0.0002
traduire; 1; 0.0
bord; 1; 0.0
francs; 5; 0.0002
éternellement; 1; 0.0
profond; 4; 0.0002
vif; 2; 0.0001
refrain; 1; 0.0
chasseurs; 3; 0.0001
bêtise; 1; 0.0
trompait; 1; 0.0
pis; 2; 0.0001
consacrée; 1; 0.0
esprit; 18; 0.0009
étaler; 1; 0.0
expression; 2; 0.0001
cinq; 4; 0.0002
abuse; 1; 0.0
clairvoyance; 1; 0.0
détourner; 1; 0.0
pouvez; 10; 0.0005
conserve; 2; 0.0001
semble; 3; 0.0001
étiquette; 1; 0.0
dérangé; 1; 0.0
que; 7; 0.0003
landiers; 2; 0.0001
grisâtres; 1; 0.0
faits; 1; 0.0
injure; 1; 0.0
point; 67; 0.0032
lenteur; 1; 0.0
viens; 6; 0.0003
usaige; 2; 0.0001
malheureuse; 2; 0.0001
dindon; 1; 0.0
consoles; 1; 0.0
crime; 1; 0.0
homme-là; 9; 0.0004
chers; 3; 0.0001
masque; 1; 0.0
mette; 1; 0.0
mariée; 9; 0.0004
succession; 1; 0.0
feuillage; 1; 0.0
santé; 4; 0.0002
soixante-quinze; 1; 0.0
développer; 3; 0.0001
arrêta; 7; 0.0003
roulées; 1; 0.0
départ; 4; 0.0002
humeur; 8; 0.0004
excité; 2; 0.0001
surmonté; 2; 0.0001
fureur; 1; 0.0
chapitre; 1; 0.0
étalent; 1; 0.0
bu; 1; 0.0
indignation; 2; 0.0001
seraient; 5; 0.0002
dépayserait; 1; 0.0
appartient; 1; 0.0
vacarme; 1; 0.0
maintenaient; 1; 0.0
faconde; 1; 0.0
anxiétés; 1; 0.0
indistinctement; 1; 0.0
succèdent; 2; 0.0001
serpent; 1; 0.0
mystérieuses; 2; 0.0001
irait; 2; 0.0001
châteaux; 1; 0.0
fais; 8; 0.0004
déplanter; 1; 0.0
trouve; 10; 0.0005
petits-enfants; 2; 0.0001
direz; 2; 0.0001
éprise; 1; 0.0
approprié; 1; 0.0
commençait; 2; 0.0001
planter; 1; 0.0
acheter; 4; 0.0002
fier; 7; 0.0003
est-elle; 1; 0.0
désagrément; 1; 0.0
; 59; 0.0028
invitait; 1; 0.0
découvert; 1; 0.0
parole; 4; 0.0002
approchât; 1; 0.0
résignation; 1; 0.0
jouir; 1; 0.0
fuient; 1; 0.0
sacrée; 2; 0.0001
respecter; 2; 0.0001
désespérant; 1; 0.0
porteur; 2; 0.0001
haïs; 1; 0.0
descendit; 1; 0.0
ridiculement; 1; 0.0
invisible; 2; 0.0001
autorise; 1; 0.0
donnerai; 2; 0.0001
quasi; 6; 0.0003
raccommodement; 1; 0.0
unie; 2; 0.0001
compagnie; 5; 0.0002
simplicité; 3; 0.0001
habitude; 6; 0.0003
réjouit; 1; 0.0
excuse; 1; 0.0
fossé; 3; 0.0001
plantes; 1; 0.0
brusques; 1; 0.0
après-midi; 1; 0.0
peille; 1; 0.0
foin; 2; 0.0001
tard; 5; 0.0002
pâle; 6; 0.0003
costumer; 1; 0.0
apaiser; 2; 0.0001
partiras; 1; 0.0
guillette; 16; 0.0008
domination; 1; 0.0
escabeau; 1; 0.0
soufflant; 2; 0.0001
tronc; 1; 0.0
décidait; 1; 0.0
entendît; 1; 0.0
bouteille; 2; 0.0001
montaient; 1; 0.0
clair; 5; 0.0002
mien; 3; 0.0001
fâcher; 1; 0.0
ouvriers; 2; 0.0001
désirait; 1; 0.0
viendra; 2; 0.0001
orienter; 1; 0.0
gage; 1; 0.0
tâcher; 2; 0.0001
placées; 1; 0.0
attendent; 1; 0.0
viii.sous; 1; 0.0
soignant; 1; 0.0
croyez; 5; 0.0002
dît; 1; 0.0
amener; 2; 0.0001
adressait; 1; 0.0
retombant; 1; 0.0
bouquetières; 1; 0.0
applicable; 1; 0.0
fortifiée; 1; 0.0
nuages; 1; 0.0
brillants; 1; 0.0
gémissantes; 1; 0.0
triomphait; 2; 0.0001
visiblement; 1; 0.0
monotonie; 1; 0.0
traditions; 1; 0.0
reprochez; 1; 0.0
importance; 1; 0.0
sommeiller; 1; 0.0
prix; 3; 0.0001
savoir; 11; 0.0005
permission; 2; 0.0001
venaient; 2; 0.0001
plaça; 1; 0.0
craignait; 1; 0.0
vient; 7; 0.0003
poétique; 3; 0.0001
sainte; 1; 0.0
flaques; 1; 0.0
sublime; 1; 0.0
approche; 5; 0.0002
suaves; 1; 0.0
commande; 1; 0.0
gardiennes; 1; 0.0
aigre; 1; 0.0
empressaient; 1; 0.0
bouffonne; 1; 0.0
disposa; 1; 0.0
défiait; 1; 0.0
ôter; 1; 0.0
tue; 1; 0.0
maux; 1; 0.0
parler; 23; 0.0011
incontestable; 1; 0.0
personnel; 1; 0.0
douté; 1; 0.0
recharge; 1; 0.0
saluant; 2; 0.0001
travail; 25; 0.0012
tend; 2; 0.0001
infini; 1; 0.0
long; 8; 0.0004
eh; 29; 0.0014
destinée; 3; 0.0001
dispos; 2; 0.0001
panier; 1; 0.0
historiette; 1; 0.0
vieillard; 6; 0.0003
probablement; 1; 0.0
autorité; 1; 0.0
rustique; 3; 0.0001
magnifiques; 1; 0.0
détruire; 1; 0.0
propos; 2; 0.0001
céder; 1; 0.0
recoucher; 1; 0.0
plaisant; 1; 0.0
rouer; 1; 0.0
chouettes; 1; 0.0
guérir; 1; 0.0
égoïsme; 2; 0.0001
timides; 1; 0.0
père; 77; 0.0036
blâmé; 1; 0.0
pente; 1; 0.0
porterait; 1; 0.0
tonalité; 1; 0.0
revient; 5; 0.0002
enfant; 83; 0.0039
auraient; 1; 0.0
désordre; 1; 0.0
prends; 3; 0.0001
trouvons; 1; 0.0
entrent; 1; 0.0
bondir; 1; 0.0
connaîtrez; 1; 0.0
garni; 1; 0.0
écuelle; 1; 0.0
confesse; 1; 0.0
habitudes; 3; 0.0001
pressé; 1; 0.0
rendormir; 1; 0.0
boleyn; 1; 0.0
vapeur; 1; 0.0
buveurs; 1; 0.0
traçait; 1; 0.0
xmalgré; 1; 0.0
lamentables; 1; 0.0
bandes; 1; 0.0
plante; 3; 0.0001
mêle; 2; 0.0001
sonder; 1; 0.0
mort; 33; 0.0016
remerciée; 1; 0.0
vague; 1; 0.0
souverainement; 1; 0.0
cesser; 1; 0.0
grave; 4; 0.0002
ensanglantée; 1; 0.0
grosses; 1; 0.0
généreuse; 1; 0.0
mourrons; 1; 0.0
mêlée; 3; 0.0001
colline; 1; 0.0
portés; 1; 0.0
lopin; 1; 0.0
systématiquement; 1; 0.0
adroite; 2; 0.0001
triple; 1; 0.0
incertain; 1; 0.0
creuser; 1; 0.0
demeurent; 1; 0.0
affronteux[1; 1; 0.0
sacrifieraient; 1; 0.0
vins; 2; 0.0001
sacré; 3; 0.0001
promis; 1; 0.0
hymen; 1; 0.0
étoiles; 1; 0.0
appétits; 1; 0.0
berger; 1; 0.0
fourbe; 1; 0.0
désarme; 1; 0.0
faible; 4; 0.0002
conditions; 3; 0.0001
contenta; 1; 0.0
failli; 2; 0.0001
simulacre; 2; 0.0001
prendra; 2; 0.0001
anne; 1; 0.0
fainéantise; 1; 0.0
sens; 11; 0.0005
ressemblent; 1; 0.0
triomphe; 5; 0.0002
tours; 1; 0.0
squelette; 1; 0.0
pécheurs; 1; 0.0
franchise; 2; 0.0001
gravures; 2; 0.0001
iniquité; 1; 0.0
innocents; 1; 0.0
céans; 2; 0.0001
libéralité; 1; 0.0
fronça; 1; 0.0
portant; 1; 0.0
commençant; 3; 0.0001
eût; 20; 0.0009
refusent; 1; 0.0
penser; 10; 0.0005
feignent; 1; 0.0
présentent; 1; 0.0
sentait; 1; 0.0
chute; 2; 0.0001
laissa; 2; 0.0001
mérité; 2; 0.0001
adopte; 1; 0.0
bestiaux; 1; 0.0
diminuait; 1; 0.0
conduire; 6; 0.0003
courtes; 1; 0.0
menti; 1; 0.0
achevé; 1; 0.0
âges; 1; 0.0
dimanche; 3; 0.0001
visage; 7; 0.0003
écoutant; 2; 0.0001
souffrit; 1; 0.0
joli; 5; 0.0002
supprimée; 1; 0.0
ancienne; 1; 0.0
garderai; 1; 0.0
montré; 2; 0.0001
reviendrez; 1; 0.0
peser; 3; 0.0001
aimant; 2; 0.0001
majeure; 1; 0.0
descendre; 1; 0.0
taillis; 2; 0.0001
chêne; 2; 0.0001
conviennent; 1; 0.0
inaperçu; 1; 0.0
utilement; 1; 0.0
taxent; 1; 0.0
moutons; 8; 0.0004
place; 20; 0.0009
flottaient; 1; 0.0
modestes; 1; 0.0
explorait; 1; 0.0
vergers; 1; 0.0
primitif; 1; 0.0
ranima; 1; 0.0
tenter; 1; 0.0
feignait; 1; 0.0
ix.la; 1; 0.0
énergie; 2; 0.0001
gendres; 1; 0.0
blessé; 1; 0.0
ferrée; 1; 0.0
séant; 1; 0.0
souriante; 1; 0.0
projets; 1; 0.0
embrassa; 1; 0.0
est-à-dire; 6; 0.0003
loup; 3; 0.0001
gracieuses; 1; 0.0
soustraire; 2; 0.0001
